scene,MMSI,neighbor_mmsi,timestamp_start,timestamp_end,gear_label,gear_probability,godark_probability,godark_label,spoofing_probability,spoofing_label,transshipment_probability,transshipment_label,transshipment_event_id,model_source,inference_status
S1A_IW_GRDH_1SDV_20260201T214208_20260201T214233_063031_07E8E6_8878,636020478,,2026-02-01T21:42:08Z,2026-02-01T21:42:08Z,,,,,,,,,,FINAL_4_PIPELINE_MODELS.h5,gear=not_available;godark=not_available;spoofing=not_available;transshipment=not_available
S1A_IW_GRDH_1SDV_20260201T214258_20260201T214323_063031_07E8E6_6469,440448000,,2026-02-01T21:42:58Z,2026-02-01T21:42:58Z,,,,,,,,,,FINAL_4_PIPELINE_MODELS.h5,gear=not_available;godark=not_available;spoofing=not_available;transshipment=not_available
S1A_IW_GRDH_1SDV_20260202T204550_20260202T204615_063045_07E96C_27A3,525115025,,2026-02-02T20:45:50Z,2026-02-02T20:45:50Z,,,,,,,,,,FINAL_4_PIPELINE_MODELS.h5,gear=not_available;godark=not_available;spoofing=not_available;transshipment=not_available
S1A_IW_GRDH_1SDV_20260202T222449_20260202T222514_063046_07E974_0FB1,525200476,,2026-02-02T22:24:49Z,2026-02-02T22:24:49Z,,,,,,,,,,FINAL_4_PIPELINE_MODELS.h5,gear=not_available;godark=not_available;spoofing=not_available;transshipment=not_available
S1A_IW_GRDH_1SDV_20260206T110749_20260206T110817_063097_07EB59_3D22,525666000,,2026-02-06T11:07:49Z,2026-02-06T11:07:49Z,,,,,,,,,,FINAL_4_PIPELINE_MODELS.h5,gear=not_available;godark=not_available;spoofing=not_available;transshipment=not_available
S1A_IW_GRDH_1SDV_20260208T091157_20260208T091226_063125_07EC69_85C8,525119156,,2026-02-08T09:11:57Z,2026-02-08T09:11:57Z,,,,,,,,,,FINAL_4_PIPELINE_MODELS.h5,gear=not_available;godark=not_available;spoofing=not_available;transshipment=not_available
S1A_IW_GRDH_1SDV_20260208T213541_20260208T213606_063133_07ECB4_51CC,525100000,,2026-02-08T21:35:41Z,2026-02-08T21:35:41Z,,,,,,,,,,FINAL_4_PIPELINE_MODELS.h5,gear=not_available;godark=not_available;spoofing=not_available;transshipment=not_available
S1A_IW_GRDH_1SDV_20260212T101800_20260212T101825_063184_07EE91_9756,525003131,,2026-02-12T10:18:00Z,2026-02-12T10:18:00Z,,,,,,,,,,FINAL_4_PIPELINE_MODELS.h5,gear=not_available;godark=not_available;spoofing=not_available;transshipment=not_available
S1A_IW_GRDH_1SDV_20260212T101825_20260212T101850_063184_07EE91_7FEA,525019434,,2026-02-12T10:18:25Z,2026-02-12T10:18:25Z,,,,,,,,,,FINAL_4_PIPELINE_MODELS.h5,gear=not_available;godark=not_available;spoofing=not_available;transshipment=not_available
S1A_IW_GRDH_1SDV_20260213T214502_20260213T214527_063206_07EF64_DB88,525001120,,2026-02-13T21:45:02Z,2026-02-13T21:45:02Z,,,,,,,,,,FINAL_4_PIPELINE_MODELS.h5,gear=not_available;godark=not_available;spoofing=not_available;transshipment=not_available
S1A_IW_GRDH_1SDV_20260215T104128_20260215T104157_063228_07F03A_350C,525600097,,2026-02-15T10:41:28Z,2026-02-15T10:41:28Z,,,,,,,,,,FINAL_4_PIPELINE_MODELS.h5,gear=not_available;godark=not_available;spoofing=not_available;transshipment=not_available
S1A_IW_GRDH_1SDV_20260218T092801_20260218T092830_063271_07F1D8_845F,525100000,,2026-02-18T09:28:01Z,2026-02-18T09:28:01Z,,,,,,,,,,FINAL_4_PIPELINE_MODELS.h5,gear=not_available;godark=not_available;spoofing=not_available;transshipment=not_available
S1A_IW_GRDH_1SDV_20260218T201449_20260218T201514_063278_07F21A_600D,525700486,,2026-02-18T20:14:49Z,2026-02-18T20:14:49Z,,,,,,,,,,FINAL_4_PIPELINE_MODELS.h5,gear=not_available;godark=not_available;spoofing=not_available;transshipment=not_available
S1A_IW_GRDH_1SDV_20260218T215107_20260218T215132_063279_07F220_2CED,525900700,,2026-02-18T21:51:07Z,2026-02-18T21:51:07Z,,,,,,,,,,FINAL_4_PIPELINE_MODELS.h5,gear=not_available;godark=not_available;spoofing=not_available;transshipment=not_available
S1A_IW_GRDH_1SDV_20260218T215132_20260218T215157_063279_07F220_27B7,525900233,,2026-02-18T21:51:32Z,2026-02-18T21:51:32Z,,,,,,,,,,FINAL_4_PIPELINE_MODELS.h5,gear=not_available;godark=not_available;spoofing=not_available;transshipment=not_available
S1A_IW_GRDH_1SDV_20260219T205511_20260219T205536_063293_07F2AC_3ED7,525100000,,2026-02-19T20:55:11Z,2026-02-19T20:55:11Z,,,,,,,,,,FINAL_4_PIPELINE_MODELS.h5,gear=not_available;godark=not_available;spoofing=not_available;transshipment=not_available
S1A_IW_GRDH_1SDV_20260221T095218_20260221T095242_063315_07F387_A808,525600493,,2026-02-21T09:52:18Z,2026-02-21T09:52:18Z,,,,,,,,,,FINAL_4_PIPELINE_MODELS.h5,gear=not_available;godark=not_available;spoofing=not_available;transshipment=not_available
S1A_IW_GRDH_1SDV_20260302T215107_20260302T215132_063454_07F8CE_E5BD,525100000,,2026-03-02T21:51:07Z,2026-03-02T21:51:07Z,,,,,,,,,,FINAL_4_PIPELINE_MODELS.h5,gear=not_available;godark=not_available;spoofing=not_available;transshipment=not_available
S1A_IW_GRDH_1SDV_20260302T215107_20260302T215132_063454_07F8CE_E5BD,525700108,,2026-03-02T21:51:07Z,2026-03-02T21:51:07Z,,,,,,,,,,FINAL_4_PIPELINE_MODELS.h5,gear=not_available;godark=not_available;spoofing=not_available;transshipment=not_available
S1A_IW_GRDH_1SDV_20260302T215132_20260302T215157_063454_07F8CE_EB80,525005002,,2026-03-02T21:51:32Z,2026-03-02T21:51:32Z,,,,,,,,,,FINAL_4_PIPELINE_MODELS.h5,gear=not_available;godark=not_available;spoofing=not_available;transshipment=not_available
S1A_IW_GRDH_1SDV_20260303T223214_20260303T223239_063469_07F964_7A45,525005001,,2026-03-03T22:32:14Z,2026-03-03T22:32:14Z,,,,,,,,,,FINAL_4_PIPELINE_MODELS.h5,gear=not_available;godark=not_available;spoofing=not_available;transshipment=not_available
S1A_IW_GRDH_1SDV_20260304T091115_20260304T091133_063475_07F9A3_C5EB,525800144,,2026-03-04T09:11:15Z,2026-03-04T09:11:15Z,,,,,,,,,,FINAL_4_PIPELINE_MODELS.h5,gear=not_available;godark=not_available;spoofing=not_available;transshipment=not_available
S1A_IW_GRDH_1SDV_20260307T111519_20260307T111544_063520_07FB52_E555,525200335,,2026-03-07T11:15:19Z,2026-03-07T11:15:19Z,,,,,,,,,,FINAL_4_PIPELINE_MODELS.h5,gear=not_available;godark=not_available;spoofing=not_available;transshipment=not_available
S1A_IW_GRDH_1SDV_20260307T111544_20260307T111609_063520_07FB52_A93E,525901978,,2026-03-07T11:15:44Z,2026-03-07T11:15:44Z,,,,,,,,,,FINAL_4_PIPELINE_MODELS.h5,gear=not_available;godark=not_available;spoofing=not_available;transshipment=not_available
S1A_IW_GRDH_1SDV_20260307T111659_20260307T111724_063520_07FB52_CF91,525101278,,2026-03-07T11:16:59Z,2026-03-07T11:16:59Z,,,,,,,,,,FINAL_4_PIPELINE_MODELS.h5,gear=not_available;godark=not_available;spoofing=not_available;transshipment=not_available
S1A_IW_GRDH_1SDV_20260307T111724_20260307T111749_063520_07FB52_4317,525112345,,2026-03-07T11:17:24Z,2026-03-07T11:17:24Z,,,,,,,,,,FINAL_4_PIPELINE_MODELS.h5,gear=not_available;godark=not_available;spoofing=not_available;transshipment=not_available
S1A_IW_GRDH_1SDV_20260307T202245_20260307T202310_063526_07FB88_8E99,525800144,,2026-03-07T20:22:45Z,2026-03-07T20:22:45Z,,,,,,,,,,FINAL_4_PIPELINE_MODELS.h5,gear=not_available;godark=not_available;spoofing=not_available;transshipment=not_available
S1A_IW_GRDH_1SDV_20260307T215922_20260307T215947_063527_07FB8F_1D9F,525600718,,2026-03-07T21:59:22Z,2026-03-07T21:59:22Z,,,,,,,,,,FINAL_4_PIPELINE_MODELS.h5,gear=not_available;godark=not_available;spoofing=not_available;transshipment=not_available
S1A_IW_GRDH_1SDV_20260308T101800_20260308T101825_063534_07FBDD_64BC,525100000,,2026-03-08T10:18:00Z,2026-03-08T10:18:00Z,,,,,,,,,,FINAL_4_PIPELINE_MODELS.h5,gear=not_available;godark=not_available;spoofing=not_available;transshipment=not_available
S1A_IW_GRDH_1SDV_20260312T112524_20260312T112549_063593_07FE1B_C840,525127888,,2026-03-12T11:25:24Z,2026-03-12T11:25:24Z,,,,,,,,,,FINAL_4_PIPELINE_MODELS.h5,gear=not_available;godark=not_available;spoofing=not_available;transshipment=not_available
S1A_IW_GRDH_1SDV_20260313T211004_20260313T211029_063614_07FEE6_5BFD,525900700,,2026-03-13T21:10:04Z,2026-03-13T21:10:04Z,,,,,,,,,,FINAL_4_PIPELINE_MODELS.h5,gear=not_available;godark=not_available;spoofing=not_available;transshipment=not_available
S1A_IW_GRDH_1SDV_20260314T215107_20260314T215132_063629_07FF74_5644,525300305,,2026-03-14T21:51:07Z,2026-03-14T21:51:07Z,,,,,,,,,,FINAL_4_PIPELINE_MODELS.h5,gear=not_available;godark=not_available;spoofing=not_available;transshipment=not_available
S1A_IW_GRDH_1SDV_20260314T215132_20260314T215157_063629_07FF74_1EEF,525007288,,2026-03-14T21:51:32Z,2026-03-14T21:51:32Z,,,,,,,,,,FINAL_4_PIPELINE_MODELS.h5,gear=not_available;godark=not_available;spoofing=not_available;transshipment=not_available
S1A_IW_GRDH_1SDV_20260221T095218_20260221T095242_063315_07F387_A808,525001076,,2026-02-21T09:52:18Z,2026-02-21T09:52:18Z,,,,,,,,,,FINAL_4_PIPELINE_MODELS.h5,gear=not_available;godark=not_available;spoofing=not_available;transshipment=not_available
S1A_IW_GRDH_1SDV_20260218T092801_20260218T092830_063271_07F1D8_845F,525401518,,2026-02-18T09:28:01Z,2026-02-18T09:28:01Z,,,,,,,,,,FINAL_4_PIPELINE_MODELS.h5,gear=not_available;godark=not_available;spoofing=not_available;transshipment=not_available
S1A_IW_GRDH_1SDV_20260218T201449_20260218T201514_063278_07F21A_600D,525800475,,2026-02-18T20:14:49Z,2026-02-18T20:14:49Z,,,,,,,,,,FINAL_4_PIPELINE_MODELS.h5,gear=not_available;godark=not_available;spoofing=not_available;transshipment=not_available
S1A_IW_GRDH_1SDV_20260225T092002_20260225T092032_063373_07F5C5_3808,525211111,,2026-02-25T09:20:02Z,2026-02-25T09:20:02Z,,,,,,,,,,FINAL_4_PIPELINE_MODELS.h5,gear=not_available;godark=not_available;spoofing=not_available;transshipment=not_available
S1A_IW_GRDH_1SDV_20260216T203052_20260216T203117_063249_07F0FC_0C6E,525000777,,2026-02-16T20:30:52Z,2026-02-16T20:30:52Z,,,,,,,,,,FINAL_4_PIPELINE_MODELS.h5,gear=not_available;godark=not_available;spoofing=not_available;transshipment=not_available
S1A_IW_GRDH_1SDV_20260303T223329_20260303T223354_063469_07F964_12E5,525200126,,2026-03-03T22:33:29Z,2026-03-03T22:33:29Z,,,,,,,,,,FINAL_4_PIPELINE_MODELS.h5,gear=not_available;godark=not_available;spoofing=not_available;transshipment=not_available
S1A_IW_GRDH_1SDV_20260307T202245_20260307T202310_063526_07FB88_8E99,525005002,,2026-03-07T20:22:45Z,2026-03-07T20:22:45Z,,,,,,,,,,FINAL_4_PIPELINE_MODELS.h5,gear=not_available;godark=not_available;spoofing=not_available;transshipment=not_available
S1A_IW_GRDH_1SDV_20260207T223056_20260207T223125_063119_07EC28_5F92,244620052,,2026-02-07T22:30:56Z,2026-02-07T22:30:56Z,,,,,,,,,,FINAL_4_PIPELINE_MODELS.h5,gear=not_available;godark=not_available;spoofing=not_available;transshipment=not_available
S1A_IW_GRDH_1SDV_20260201T214208_20260201T214233_063031_07E8E6_8878,219636000,,2026-02-01T21:42:08Z,2026-02-01T21:42:08Z,,,,,,,,,,FINAL_4_PIPELINE_MODELS.h5,gear=not_available;godark=not_available;spoofing=not_available;transshipment=not_available
S1A_IW_GRDH_1SDV_20260201T214208_20260201T214233_063031_07E8E6_8878,538009229,,2026-02-01T21:42:08Z,2026-02-01T21:42:08Z,,,,,,,,,,FINAL_4_PIPELINE_MODELS.h5,gear=not_available;godark=not_available;spoofing=not_available;transshipment=not_available
S1A_IW_GRDH_1SDV_20260201T214208_20260201T214233_063031_07E8E6_8878,636016676,,2026-02-01T21:42:08Z,2026-02-01T21:42:08Z,,,,,,,,,,FINAL_4_PIPELINE_MODELS.h5,gear=not_available;godark=not_available;spoofing=not_available;transshipment=not_available
S1A_IW_GRDH_1SDV_20260201T214208_20260201T214233_063031_07E8E6_8878,636020749,,2026-02-01T21:42:08Z,2026-02-01T21:42:08Z,,,,,,,,,,FINAL_4_PIPELINE_MODELS.h5,gear=not_available;godark=not_available;spoofing=not_available;transshipment=not_available
S1A_IW_GRDH_1SDV_20260201T214208_20260201T214233_063031_07E8E6_8878,636020790,,2026-02-01T21:42:08Z,2026-02-01T21:42:08Z,,,,,,,,,,FINAL_4_PIPELINE_MODELS.h5,gear=not_available;godark=not_available;spoofing=not_available;transshipment=not_available
S1A_IW_GRDH_1SDV_20260201T214208_20260201T214233_063031_07E8E6_8878,636024874,,2026-02-01T21:42:08Z,2026-02-01T21:42:08Z,,,,,,,,,,FINAL_4_PIPELINE_MODELS.h5,gear=not_available;godark=not_available;spoofing=not_available;transshipment=not_available
S1A_IW_GRDH_1SDV_20260201T214233_20260201T214258_063031_07E8E6_DE84,229243000,,2026-02-01T21:42:33Z,2026-02-01T21:42:33Z,,,,,,,,,,FINAL_4_PIPELINE_MODELS.h5,gear=not_available;godark=not_available;spoofing=not_available;transshipment=not_available
S1A_IW_GRDH_1SDV_20260201T214233_20260201T214258_063031_07E8E6_DE84,232003534,,2026-02-01T21:42:33Z,2026-02-01T21:42:33Z,,,,,,,,,,FINAL_4_PIPELINE_MODELS.h5,gear=not_available;godark=not_available;spoofing=not_available;transshipment=not_available
S1A_IW_GRDH_1SDV_20260201T214233_20260201T214258_063031_07E8E6_DE84,477681300,,2026-02-01T21:42:33Z,2026-02-01T21:42:33Z,,,,,,,,,,FINAL_4_PIPELINE_MODELS.h5,gear=not_available;godark=not_available;spoofing=not_available;transshipment=not_available
S1A_IW_GRDH_1SDV_20260201T214233_20260201T214258_063031_07E8E6_DE84,538010970,,2026-02-01T21:42:33Z,2026-02-01T21:42:33Z,,,,,,,,,,FINAL_4_PIPELINE_MODELS.h5,gear=not_available;godark=not_available;spoofing=not_available;transshipment=not_available
S1A_IW_GRDH_1SDV_20260201T214233_20260201T214258_063031_07E8E6_DE84,563068200,,2026-02-01T21:42:33Z,2026-02-01T21:42:33Z,,,,,,,,,,FINAL_4_PIPELINE_MODELS.h5,gear=not_available;godark=not_available;spoofing=not_available;transshipment=not_available
S1A_IW_GRDH_1SDV_20260201T214233_20260201T214258_063031_07E8E6_DE84,636014577,,2026-02-01T21:42:33Z,2026-02-01T21:42:33Z,,,,,,,,,,FINAL_4_PIPELINE_MODELS.h5,gear=not_available;godark=not_available;spoofing=not_available;transshipment=not_available
S1A_IW_GRDH_1SDV_20260201T214233_20260201T214258_063031_07E8E6_DE84,636018336,,2026-02-01T21:42:33Z,2026-02-01T21:42:33Z,,,,,,,,,,FINAL_4_PIPELINE_MODELS.h5,gear=not_available;godark=not_available;spoofing=not_available;transshipment=not_available
S1A_IW_GRDH_1SDV_20260201T214233_20260201T214258_063031_07E8E6_DE84,636022506,,2026-02-01T21:42:33Z,2026-02-01T21:42:33Z,,,,,,,,,,FINAL_4_PIPELINE_MODELS.h5,gear=not_available;godark=not_available;spoofing=not_available;transshipment=not_available
S1A_IW_GRDH_1SDV_20260201T214258_20260201T214323_063031_07E8E6_6469,356676000,,2026-02-01T21:42:58Z,2026-02-01T21:42:58Z,,,,,,,,,,FINAL_4_PIPELINE_MODELS.h5,gear=not_available;godark=not_available;spoofing=not_available;transshipment=not_available
S1A_IW_GRDH_1SDV_20260201T214258_20260201T214323_063031_07E8E6_6469,413145000,,2026-02-01T21:42:58Z,2026-02-01T21:42:58Z,,,,,,,,,,FINAL_4_PIPELINE_MODELS.h5,gear=not_available;godark=not_available;spoofing=not_available;transshipment=not_available
S1A_IW_GRDH_1SDV_20260201T214258_20260201T214323_063031_07E8E6_6469,477902200,,2026-02-01T21:42:58Z,2026-02-01T21:42:58Z,,,,,,,,,,FINAL_4_PIPELINE_MODELS.h5,gear=not_available;godark=not_available;spoofing=not_available;transshipment=not_available
S1A_IW_GRDH_1SDV_20260201T214258_20260201T214323_063031_07E8E6_6469,636018975,,2026-02-01T21:42:58Z,2026-02-01T21:42:58Z,,,,,,,,,,FINAL_4_PIPELINE_MODELS.h5,gear=not_available;godark=not_available;spoofing=not_available;transshipment=not_available
S1A_IW_GRDH_1SDV_20260201T214323_20260201T214348_063031_07E8E6_F802,352980794,,2026-02-01T21:43:23Z,2026-02-01T21:43:23Z,,,,,,,,,,FINAL_4_PIPELINE_MODELS.h5,gear=not_available;godark=not_available;spoofing=not_available;transshipment=not_available
S1A_IW_GRDH_1SDV_20260201T214323_20260201T214348_063031_07E8E6_F802,354205000,,2026-02-01T21:43:23Z,2026-02-01T21:43:23Z,,,,,,,,,,FINAL_4_PIPELINE_MODELS.h5,gear=not_available;godark=not_available;spoofing=not_available;transshipment=not_available
S1A_IW_GRDH_1SDV_20260201T214323_20260201T214348_063031_07E8E6_F802,563222400,,2026-02-01T21:43:23Z,2026-02-01T21:43:23Z,,,,,,,,,,FINAL_4_PIPELINE_MODELS.h5,gear=not_available;godark=not_available;spoofing=not_available;transshipment=not_available
S1A_IW_GRDH_1SDV_20260201T214323_20260201T214348_063031_07E8E6_F802,636015916,,2026-02-01T21:43:23Z,2026-02-01T21:43:23Z,,,,,,,,,,FINAL_4_PIPELINE_MODELS.h5,gear=not_available;godark=not_available;spoofing=not_available;transshipment=not_available
S1A_IW_GRDH_1SDV_20260201T214323_20260201T214348_063031_07E8E6_F802,636020969,,2026-02-01T21:43:23Z,2026-02-01T21:43:23Z,,,,,,,,,,FINAL_4_PIPELINE_MODELS.h5,gear=not_available;godark=not_available;spoofing=not_available;transshipment=not_available
S1A_IW_GRDH_1SDV_20260201T214348_20260201T214413_063031_07E8E6_AD4A,241106000,,2026-02-01T21:43:48Z,2026-02-01T21:43:48Z,,,,,,,,,,FINAL_4_PIPELINE_MODELS.h5,gear=not_available;godark=not_available;spoofing=not_available;transshipment=not_available
S1A_IW_GRDH_1SDV_20260201T214348_20260201T214413_063031_07E8E6_AD4A,414145000,,2026-02-01T21:43:48Z,2026-02-01T21:43:48Z,,,,,,,,,,FINAL_4_PIPELINE_MODELS.h5,gear=not_available;godark=not_available;spoofing=not_available;transshipment=not_available
S1A_IW_GRDH_1SDV_20260201T214348_20260201T214413_063031_07E8E6_AD4A,525015383,,2026-02-01T21:43:48Z,2026-02-01T21:43:48Z,,,,,,,,,,FINAL_4_PIPELINE_MODELS.h5,gear=not_available;godark=not_available;spoofing=not_available;transshipment=not_available
S1A_IW_GRDH_1SDV_20260201T214348_20260201T214413_063031_07E8E6_AD4A,563053800,,2026-02-01T21:43:48Z,2026-02-01T21:43:48Z,,,,,,,,,,FINAL_4_PIPELINE_MODELS.h5,gear=not_available;godark=not_available;spoofing=not_available;transshipment=not_available
S1A_IW_GRDH_1SDV_20260201T214413_20260201T214438_063031_07E8E6_4D01,525005054,,2026-02-01T21:44:13Z,2026-02-01T21:44:13Z,,,,,,,,,,FINAL_4_PIPELINE_MODELS.h5,gear=not_available;godark=not_available;spoofing=not_available;transshipment=not_available
S1A_IW_GRDH_1SDV_20260201T214413_20260201T214438_063031_07E8E6_4D01,525501836,,2026-02-01T21:44:13Z,2026-02-01T21:44:13Z,,,,,,,,,,FINAL_4_PIPELINE_MODELS.h5,gear=not_available;godark=not_available;spoofing=not_available;transshipment=not_available
S1A_IW_GRDH_1SDV_20260201T214503_20260201T214528_063031_07E8E6_83C5,525101091,,2026-02-01T21:45:03Z,2026-02-01T21:45:03Z,,,,,,,,,,FINAL_4_PIPELINE_MODELS.h5,gear=not_available;godark=not_available;spoofing=not_available;transshipment=not_available
S1A_IW_GRDH_1SDV_20260202T100136_20260202T100148_063038_07E928_4736,525005001,,2026-02-02T10:01:36Z,2026-02-02T10:01:36Z,,,,,,,,,,FINAL_4_PIPELINE_MODELS.h5,gear=not_available;godark=not_available;spoofing=not_available;transshipment=not_available
S1A_IW_GRDH_1SDV_20260202T114041_20260202T114110_063039_07E931_197F,525021130,,2026-02-02T11:40:41Z,2026-02-02T11:40:41Z,,,,,,,,,,FINAL_4_PIPELINE_MODELS.h5,gear=not_available;godark=not_available;spoofing=not_available;transshipment=not_available
S1A_IW_GRDH_1SDV_20260202T114041_20260202T114110_063039_07E931_197F,525501799,,2026-02-02T11:40:41Z,2026-02-02T11:40:41Z,,,,,,,,,,FINAL_4_PIPELINE_MODELS.h5,gear=not_available;godark=not_available;spoofing=not_available;transshipment=not_available
S1A_IW_GRDH_1SDV_20260202T114315_20260202T114340_063040_07E931_1FD8,351780000,,2026-02-02T11:43:15Z,2026-02-02T11:43:15Z,,,,,,,,,,FINAL_4_PIPELINE_MODELS.h5,gear=not_available;godark=not_available;spoofing=not_available;transshipment=not_available
S1A_IW_GRDH_1SDV_20260202T222424_20260202T222449_063046_07E974_2178,518100932,,2026-02-02T22:24:24Z,2026-02-02T22:24:24Z,,,,,,,,,,FINAL_4_PIPELINE_MODELS.h5,gear=not_available;godark=not_available;spoofing=not_available;transshipment=not_available
S1A_IW_GRDH_1SDV_20260203T104128_20260203T104157_063053_07E9B4_E4AE,525005223,,2026-02-03T10:41:28Z,2026-02-03T10:41:28Z,,,,,,,,,,FINAL_4_PIPELINE_MODELS.h5,gear=not_available;godark=not_available;spoofing=not_available;transshipment=not_available
S1A_IW_GRDH_1SDV_20260203T212540_20260203T212605_063060_07E9F3_77A5,525018023,,2026-02-03T21:25:40Z,2026-02-03T21:25:40Z,,,,,,,,,,FINAL_4_PIPELINE_MODELS.h5,gear=not_available;godark=not_available;spoofing=not_available;transshipment=not_available
S1A_IW_GRDH_1SDV_20260203T212835_20260203T212900_063060_07E9F3_927D,525005015,,2026-02-03T21:28:35Z,2026-02-03T21:28:35Z,,,,,,,,,,FINAL_4_PIPELINE_MODELS.h5,gear=not_available;godark=not_available;spoofing=not_available;transshipment=not_available
S1A_IW_GRDH_1SDV_20260204T112316_20260204T112345_063068_07EA39_8722,525003465,,2026-02-04T11:23:16Z,2026-02-04T11:23:16Z,,,,,,,,,,FINAL_4_PIPELINE_MODELS.h5,gear=not_available;godark=not_available;spoofing=not_available;transshipment=not_available
S1A_IW_GRDH_1SDV_20260204T112525_20260204T112550_063068_07EA39_3544,535501062,,2026-02-04T11:25:25Z,2026-02-04T11:25:25Z,,,,,,,,,,FINAL_4_PIPELINE_MODELS.h5,gear=not_available;godark=not_available;spoofing=not_available;transshipment=not_available
S1A_IW_GRDH_1SDV_20260204T203118_20260204T203143_063074_07EA72_3422,477147400,,2026-02-04T20:31:18Z,2026-02-04T20:31:18Z,,,,,,,,,,FINAL_4_PIPELINE_MODELS.h5,gear=not_available;godark=not_available;spoofing=not_available;transshipment=not_available
S1A_IW_GRDH_1SDV_20260204T220840_20260204T220905_063075_07EA7C_53F4,525015879,,2026-02-04T22:08:40Z,2026-02-04T22:08:40Z,,,,,,,,,,FINAL_4_PIPELINE_MODELS.h5,gear=not_available;godark=not_available;spoofing=not_available;transshipment=not_available
S1A_IW_GRDH_1SDV_20260205T102546_20260205T102615_063082_07EACD_4837,518100932,,2026-02-05T10:25:46Z,2026-02-05T10:25:46Z,,,,,,,,,,FINAL_4_PIPELINE_MODELS.h5,gear=not_available;godark=not_available;spoofing=not_available;transshipment=not_available
S1A_IW_GRDH_1SDV_20260205T210911_20260205T210940_063089_07EB08_1295,525001094,,2026-02-05T21:09:11Z,2026-02-05T21:09:11Z,,,,,,,,,,FINAL_4_PIPELINE_MODELS.h5,gear=not_available;godark=not_available;spoofing=not_available;transshipment=not_available
S1A_IW_GRDH_1SDV_20260205T210940_20260205T211005_063089_07EB08_863A,525101056,,2026-02-05T21:09:40Z,2026-02-05T21:09:40Z,,,,,,,,,,FINAL_4_PIPELINE_MODELS.h5,gear=not_available;godark=not_available;spoofing=not_available;transshipment=not_available
S1A_IW_GRDH_1SDV_20260205T211055_20260205T211120_063089_07EB08_0B7F,525005013,,2026-02-05T21:10:55Z,2026-02-05T21:10:55Z,,,,,,,,,,FINAL_4_PIPELINE_MODELS.h5,gear=not_available;godark=not_available;spoofing=not_available;transshipment=not_available
S1A_IW_GRDH_1SDV_20260205T224706_20260205T224735_063090_07EB0F_2E89,477167800,,2026-02-05T22:47:06Z,2026-02-05T22:47:06Z,,,,,,,,,,FINAL_4_PIPELINE_MODELS.h5,gear=not_available;godark=not_available;spoofing=not_available;transshipment=not_available
S1A_IW_GRDH_1SDV_20260205T224825_20260205T224850_063090_07EB0F_2593,372188000,,2026-02-05T22:48:25Z,2026-02-05T22:48:25Z,,,,,,,,,,FINAL_4_PIPELINE_MODELS.h5,gear=not_available;godark=not_available;spoofing=not_available;transshipment=not_available
S1A_IW_GRDH_1SDV_20260205T224825_20260205T224850_063090_07EB0F_2593,525016724,,2026-02-05T22:48:25Z,2026-02-05T22:48:25Z,,,,,,,,,,FINAL_4_PIPELINE_MODELS.h5,gear=not_available;godark=not_available;spoofing=not_available;transshipment=not_available
S1A_IW_GRDH_1SDV_20260206T092831_20260206T092856_063096_07EB4D_CC70,525016285,,2026-02-06T09:28:31Z,2026-02-06T09:28:31Z,,,,,,,,,,FINAL_4_PIPELINE_MODELS.h5,gear=not_available;godark=not_available;spoofing=not_available;transshipment=not_available
S1A_IW_GRDH_1SDV_20260206T092856_20260206T092921_063096_07EB4D_B6F9,525005052,,2026-02-06T09:28:56Z,2026-02-06T09:28:56Z,,,,,,,,,,FINAL_4_PIPELINE_MODELS.h5,gear=not_available;godark=not_available;spoofing=not_available;transshipment=not_available
S1A_IW_GRDH_1SDV_20260206T110659_20260206T110724_063097_07EB59_9B4E,525701713,,2026-02-06T11:06:59Z,2026-02-06T11:06:59Z,,,,,,,,,,FINAL_4_PIPELINE_MODELS.h5,gear=not_available;godark=not_available;spoofing=not_available;transshipment=not_available
S1A_IW_GRDH_1SDV_20260206T110749_20260206T110817_063097_07EB59_3D22,525015603,,2026-02-06T11:07:49Z,2026-02-06T11:07:49Z,,,,,,,,,,FINAL_4_PIPELINE_MODELS.h5,gear=not_available;godark=not_available;spoofing=not_available;transshipment=not_available
S1A_IW_GRDH_1SDV_20260207T205328_20260207T205357_063118_07EC1F_ACF2,525005046,,2026-02-07T20:53:28Z,2026-02-07T20:53:28Z,,,,,,,,,,FINAL_4_PIPELINE_MODELS.h5,gear=not_available;godark=not_available;spoofing=not_available;transshipment=not_available
S1A_IW_GRDH_1SDV_20260207T205357_20260207T205422_063118_07EC1F_31F8,525101092,,2026-02-07T20:53:57Z,2026-02-07T20:53:57Z,,,,,,,,,,FINAL_4_PIPELINE_MODELS.h5,gear=not_available;godark=not_available;spoofing=not_available;transshipment=not_available
S1A_IW_GRDH_1SDV_20260207T205422_20260207T205447_063118_07EC1F_2E01,255806483,,2026-02-07T20:54:22Z,2026-02-07T20:54:22Z,,,,,,,,,,FINAL_4_PIPELINE_MODELS.h5,gear=not_available;godark=not_available;spoofing=not_available;transshipment=not_available
S1A_IW_GRDH_1SDV_20260207T205447_20260207T205512_063118_07EC1F_0464,525005052,,2026-02-07T20:54:47Z,2026-02-07T20:54:47Z,,,,,,,,,,FINAL_4_PIPELINE_MODELS.h5,gear=not_available;godark=not_available;spoofing=not_available;transshipment=not_available
S1A_IW_GRDH_1SDV_20260207T223215_20260207T223240_063119_07EC28_F521,405000246,,2026-02-07T22:32:15Z,2026-02-07T22:32:15Z,,,,,,,,,,FINAL_4_PIPELINE_MODELS.h5,gear=not_available;godark=not_available;spoofing=not_available;transshipment=not_available
S1A_IW_GRDH_1SDV_20260207T223355_20260207T223422_063119_07EC28_536D,525021421,,2026-02-07T22:33:55Z,2026-02-07T22:33:55Z,,,,,,,,,,FINAL_4_PIPELINE_MODELS.h5,gear=not_available;godark=not_available;spoofing=not_available;transshipment=not_available
S1A_IW_GRDH_1SDV_20260208T104938_20260208T105007_063126_07EC76_4B54,525003411,,2026-02-08T10:49:38Z,2026-02-08T10:49:38Z,,,,,,,,,,FINAL_4_PIPELINE_MODELS.h5,gear=not_available;godark=not_available;spoofing=not_available;transshipment=not_available
S1A_IW_GRDH_1SDV_20260208T105007_20260208T105032_063126_07EC76_ED28,442004978,,2026-02-08T10:50:07Z,2026-02-08T10:50:07Z,,,,,,,,,,FINAL_4_PIPELINE_MODELS.h5,gear=not_available;godark=not_available;spoofing=not_available;transshipment=not_available
S1A_IW_GRDH_1SDV_20260208T213451_20260208T213516_063133_07ECB4_0002,352004796,,2026-02-08T21:34:51Z,2026-02-08T21:34:51Z,,,,,,,,,,FINAL_4_PIPELINE_MODELS.h5,gear=not_available;godark=not_available;spoofing=not_available;transshipment=not_available
S1A_IW_GRDH_1SDV_20260208T213541_20260208T213606_063133_07ECB4_51CC,525601599,,2026-02-08T21:35:41Z,2026-02-08T21:35:41Z,,,,,,,,,,FINAL_4_PIPELINE_MODELS.h5,gear=not_available;godark=not_available;spoofing=not_available;transshipment=not_available
S1A_IW_GRDH_1SDV_20260208T213631_20260208T213656_063133_07ECB4_8B78,525005016,,2026-02-08T21:36:31Z,2026-02-08T21:36:31Z,,,,,,,,,,FINAL_4_PIPELINE_MODELS.h5,gear=not_available;godark=not_available;spoofing=not_available;transshipment=not_available
S1A_IW_GRDH_1SDV_20260208T213656_20260208T213721_063133_07ECB4_AD24,525015109,,2026-02-08T21:36:56Z,2026-02-08T21:36:56Z,,,,,,,,,,FINAL_4_PIPELINE_MODELS.h5,gear=not_available;godark=not_available;spoofing=not_available;transshipment=not_available
S1A_IW_GRDH_1SDV_20260208T213656_20260208T213721_063133_07ECB4_AD24,525100085,,2026-02-08T21:36:56Z,2026-02-08T21:36:56Z,,,,,,,,,,FINAL_4_PIPELINE_MODELS.h5,gear=not_available;godark=not_available;spoofing=not_available;transshipment=not_available
S1A_IW_GRDH_1SDV_20260208T213721_20260208T213749_063133_07ECB4_F5D3,525001108,,2026-02-08T21:37:21Z,2026-02-08T21:37:21Z,,,,,,,,,,FINAL_4_PIPELINE_MODELS.h5,gear=not_available;godark=not_available;spoofing=not_available;transshipment=not_available
S1A_IW_GRDH_1SDV_20260209T113334_20260209T113359_063141_07ECFF_5730,50862783,,2026-02-09T11:33:34Z,2026-02-09T11:33:34Z,,,,,,,,,,FINAL_4_PIPELINE_MODELS.h5,gear=not_available;godark=not_available;spoofing=not_available;transshipment=not_available
S1A_IW_GRDH_1SDV_20260209T113359_20260209T113424_063142_07ECFF_5A35,374987000,,2026-02-09T11:33:59Z,2026-02-09T11:33:59Z,,,,,,,,,,FINAL_4_PIPELINE_MODELS.h5,gear=not_available;godark=not_available;spoofing=not_available;transshipment=not_available
S1A_IW_GRDH_1SDV_20260209T203715_20260209T203744_063147_07ED35_067E,525101087,,2026-02-09T20:37:15Z,2026-02-09T20:37:15Z,,,,,,,,,,FINAL_4_PIPELINE_MODELS.h5,gear=not_available;godark=not_available;spoofing=not_available;transshipment=not_available
S1A_IW_GRDH_1SDV_20260210T211741_20260210T211806_063162_07EDB8_4A98,525100956,,2026-02-10T21:17:41Z,2026-02-10T21:17:41Z,,,,,,,,,,FINAL_4_PIPELINE_MODELS.h5,gear=not_available;godark=not_available;spoofing=not_available;transshipment=not_available
S1A_IW_GRDH_1SDV_20260210T211831_20260210T211856_063162_07EDB8_6889,525201076,,2026-02-10T21:18:31Z,2026-02-10T21:18:31Z,,,,,,,,,,FINAL_4_PIPELINE_MODELS.h5,gear=not_available;godark=not_available;spoofing=not_available;transshipment=not_available
S1A_IW_GRDH_1SDV_20260210T212011_20260210T212036_063162_07EDB8_7013,525101085,,2026-02-10T21:20:11Z,2026-02-10T21:20:11Z,,,,,,,,,,FINAL_4_PIPELINE_MODELS.h5,gear=not_available;godark=not_available;spoofing=not_available;transshipment=not_available
S1A_IW_GRDH_1SDV_20260210T212101_20260210T212126_063162_07EDB8_1AD2,525100417,,2026-02-10T21:21:01Z,2026-02-10T21:21:01Z,,,,,,,,,,FINAL_4_PIPELINE_MODELS.h5,gear=not_available;godark=not_available;spoofing=not_available;transshipment=not_available
S1A_IW_GRDH_1SDV_20260211T093648_20260211T093713_063169_07EDFC_6BAF,525101082,,2026-02-11T09:36:48Z,2026-02-11T09:36:48Z,,,,,,,,,,FINAL_4_PIPELINE_MODELS.h5,gear=not_available;godark=not_available;spoofing=not_available;transshipment=not_available
S1A_IW_GRDH_1SDV_20260211T093738_20260211T093803_063169_07EDFC_8CFD,525101092,,2026-02-11T09:37:38Z,2026-02-11T09:37:38Z,,,,,,,,,,FINAL_4_PIPELINE_MODELS.h5,gear=not_available;godark=not_available;spoofing=not_available;transshipment=not_available
S1A_IW_GRDH_1SDV_20260211T093803_20260211T093831_063169_07EDFC_B4AD,525600798,,2026-02-11T09:38:03Z,2026-02-11T09:38:03Z,,,,,,,,,,FINAL_4_PIPELINE_MODELS.h5,gear=not_available;godark=not_available;spoofing=not_available;transshipment=not_available
S1A_IW_GRDH_1SDV_20260211T111519_20260211T111544_063170_07EE07_F4C7,525100805,,2026-02-11T11:15:19Z,2026-02-11T11:15:19Z,,,,,,,,,,FINAL_4_PIPELINE_MODELS.h5,gear=not_available;godark=not_available;spoofing=not_available;transshipment=not_available
S1A_IW_GRDH_1SDV_20260211T111609_20260211T111634_063170_07EE07_1F39,525001052,,2026-02-11T11:16:09Z,2026-02-11T11:16:09Z,,,,,,,,,,FINAL_4_PIPELINE_MODELS.h5,gear=not_available;godark=not_available;spoofing=not_available;transshipment=not_available
S1A_IW_GRDH_1SDV_20260211T111659_20260211T111724_063170_07EE07_CF45,525100855,,2026-02-11T11:16:59Z,2026-02-11T11:16:59Z,,,,,,,,,,FINAL_4_PIPELINE_MODELS.h5,gear=not_available;godark=not_available;spoofing=not_available;transshipment=not_available
S1A_IW_GRDH_1SDV_20260211T111724_20260211T111749_063170_07EE07_12F2,525016724,,2026-02-11T11:17:24Z,2026-02-11T11:17:24Z,,,,,,,,,,FINAL_4_PIPELINE_MODELS.h5,gear=not_available;godark=not_available;spoofing=not_available;transshipment=not_available
S1A_IW_GRDH_1SDV_20260211T202310_20260211T202335_063176_07EE3D_CF0F,246442000,,2026-02-11T20:23:10Z,2026-02-11T20:23:10Z,,,,,,,,,,FINAL_4_PIPELINE_MODELS.h5,gear=not_available;godark=not_available;spoofing=not_available;transshipment=not_available
S1A_IW_GRDH_1SDV_20260211T220128_20260211T220153_063177_07EE44_39A6,525012198,,2026-02-11T22:01:28Z,2026-02-11T22:01:28Z,,,,,,,,,,FINAL_4_PIPELINE_MODELS.h5,gear=not_available;godark=not_available;spoofing=not_available;transshipment=not_available
S1A_IW_GRDH_1SDV_20260212T101735_20260212T101800_063184_07EE91_C484,525005047,,2026-02-12T10:17:35Z,2026-02-12T10:17:35Z,,,,,,,,,,FINAL_4_PIPELINE_MODELS.h5,gear=not_available;godark=not_available;spoofing=not_available;transshipment=not_available
S1A_IW_GRDH_1SDV_20260212T210304_20260212T210329_063191_07EED2_B2B3,503000164,,2026-02-12T21:03:04Z,2026-02-12T21:03:04Z,,,,,,,,,,FINAL_4_PIPELINE_MODELS.h5,gear=not_available;godark=not_available;spoofing=not_available;transshipment=not_available
S1A_IW_GRDH_1SDV_20260213T092003_20260213T092032_063198_07EF1E_DE17,525016705,,2026-02-13T09:20:03Z,2026-02-13T09:20:03Z,,,,,,,,,,FINAL_4_PIPELINE_MODELS.h5,gear=not_available;godark=not_available;spoofing=not_available;transshipment=not_available
S1A_IW_GRDH_1SDV_20260213T092057_20260213T092122_063198_07EF1E_C665,525010133,,2026-02-13T09:20:57Z,2026-02-13T09:20:57Z,,,,,,,,,,FINAL_4_PIPELINE_MODELS.h5,gear=not_available;godark=not_available;spoofing=not_available;transshipment=not_available
S1A_IW_GRDH_1SDV_20260214T114040_20260214T114109_063214_07EFB0_20AD,525801704,,2026-02-14T11:40:40Z,2026-02-14T11:40:40Z,,,,,,,,,,FINAL_4_PIPELINE_MODELS.h5,gear=not_available;godark=not_available;spoofing=not_available;transshipment=not_available
S1A_IW_GRDH_1SDV_20260214T204639_20260214T204704_063220_07EFEA_2B7C,525016285,,2026-02-14T20:46:39Z,2026-02-14T20:46:39Z,,,,,,,,,,FINAL_4_PIPELINE_MODELS.h5,gear=not_available;godark=not_available;spoofing=not_available;transshipment=not_available
S1A_IW_GRDH_1SDV_20260215T090235_20260215T090304_063227_07F032_087D,525600509,,2026-02-15T09:02:35Z,2026-02-15T09:02:35Z,,,,,,,,,,FINAL_4_PIPELINE_MODELS.h5,gear=not_available;godark=not_available;spoofing=not_available;transshipment=not_available
S1A_IW_GRDH_1SDV_20260215T104128_20260215T104157_063228_07F03A_350C,525005141,,2026-02-15T10:41:28Z,2026-02-15T10:41:28Z,,,,,,,,,,FINAL_4_PIPELINE_MODELS.h5,gear=not_available;godark=not_available;spoofing=not_available;transshipment=not_available
S1A_IW_GRDH_1SDV_20260215T104157_20260215T104225_063228_07F03A_3689,525005323,,2026-02-15T10:41:57Z,2026-02-15T10:41:57Z,,,,,,,,,,FINAL_4_PIPELINE_MODELS.h5,gear=not_available;godark=not_available;spoofing=not_available;transshipment=not_available
S1A_IW_GRDH_1SDV_20260215T212539_20260215T212604_063235_07F079_236F,525005047,,2026-02-15T21:25:39Z,2026-02-15T21:25:39Z,,,,,,,,,,FINAL_4_PIPELINE_MODELS.h5,gear=not_available;godark=not_available;spoofing=not_available;transshipment=not_available
S1A_IW_GRDH_1SDV_20260215T212719_20260215T212744_063235_07F079_33A1,525015601,,2026-02-15T21:27:19Z,2026-02-15T21:27:19Z,,,,,,,,,,FINAL_4_PIPELINE_MODELS.h5,gear=not_available;godark=not_available;spoofing=not_available;transshipment=not_available
S1A_IW_GRDH_1SDV_20260215T212809_20260215T212834_063235_07F079_1E9A,538071199,,2026-02-15T21:28:09Z,2026-02-15T21:28:09Z,,,,,,,,,,FINAL_4_PIPELINE_MODELS.h5,gear=not_available;godark=not_available;spoofing=not_available;transshipment=not_available
S1A_IW_GRDH_1SDV_20260216T112315_20260216T112344_063243_07F0C2_ED7C,525001125,,2026-02-16T11:23:15Z,2026-02-16T11:23:15Z,,,,,,,,,,FINAL_4_PIPELINE_MODELS.h5,gear=not_available;godark=not_available;spoofing=not_available;transshipment=not_available
S1A_IW_GRDH_1SDV_20260216T112434_20260216T112459_063243_07F0C2_052A,525110024,,2026-02-16T11:24:34Z,2026-02-16T11:24:34Z,,,,,,,,,,FINAL_4_PIPELINE_MODELS.h5,gear=not_available;godark=not_available;spoofing=not_available;transshipment=not_available
S1A_IW_GRDH_1SDV_20260216T112459_20260216T112524_063243_07F0C2_ED90,525016724,,2026-02-16T11:24:59Z,2026-02-16T11:24:59Z,,,,,,,,,,FINAL_4_PIPELINE_MODELS.h5,gear=not_available;godark=not_available;spoofing=not_available;transshipment=not_available
S1A_IW_GRDH_1SDV_20260216T112524_20260216T112549_063243_07F0C2_14CA,525100864,,2026-02-16T11:25:24Z,2026-02-16T11:25:24Z,,,,,,,,,,FINAL_4_PIPELINE_MODELS.h5,gear=not_available;godark=not_available;spoofing=not_available;transshipment=not_available
S1A_IW_GRDH_1SDV_20260216T220839_20260216T220904_063250_07F107_CAF8,538011731,,2026-02-16T22:08:39Z,2026-02-16T22:08:39Z,,,,,,,,,,FINAL_4_PIPELINE_MODELS.h5,gear=not_available;godark=not_available;spoofing=not_available;transshipment=not_available
S1A_IW_GRDH_1SDV_20260216T220904_20260216T220929_063250_07F107_A8AC,525005046,,2026-02-16T22:09:04Z,2026-02-16T22:09:04Z,,,,,,,,,,FINAL_4_PIPELINE_MODELS.h5,gear=not_available;godark=not_available;spoofing=not_available;transshipment=not_available
S1A_IW_GRDH_1SDV_20260216T220904_20260216T220929_063250_07F107_A8AC,525301452,,2026-02-16T22:09:04Z,2026-02-16T22:09:04Z,,,,,,,,,,FINAL_4_PIPELINE_MODELS.h5,gear=not_available;godark=not_available;spoofing=not_available;transshipment=not_available
S1A_IW_GRDH_1SDV_20260217T102511_20260217T102540_063257_07F153_BC42,525101091,,2026-02-17T10:25:11Z,2026-02-17T10:25:11Z,,,,,,,,,,FINAL_4_PIPELINE_MODELS.h5,gear=not_available;godark=not_available;spoofing=not_available;transshipment=not_available
S1A_IW_GRDH_1SDV_20260217T224800_20260217T224830_063265_07F199_5C53,525015053,,2026-02-17T22:48:00Z,2026-02-17T22:48:00Z,,,,,,,,,,FINAL_4_PIPELINE_MODELS.h5,gear=not_available;godark=not_available;spoofing=not_available;transshipment=not_available
S1A_IW_GRDH_1SDV_20260218T110749_20260218T110817_063272_07F1E4_7B1A,525015603,,2026-02-18T11:07:49Z,2026-02-18T11:07:49Z,,,,,,,,,,FINAL_4_PIPELINE_MODELS.h5,gear=not_available;godark=not_available;spoofing=not_available;transshipment=not_available
S1A_IW_GRDH_1SDV_20260218T215107_20260218T215132_063279_07F220_2CED,525005017,,2026-02-18T21:51:07Z,2026-02-18T21:51:07Z,,,,,,,,,,FINAL_4_PIPELINE_MODELS.h5,gear=not_available;godark=not_available;spoofing=not_available;transshipment=not_available
S1A_IW_GRDH_1SDV_20260218T215132_20260218T215157_063279_07F220_27B7,525005030,,2026-02-18T21:51:32Z,2026-02-18T21:51:32Z,,,,,,,,,,FINAL_4_PIPELINE_MODELS.h5,gear=not_available;godark=not_available;spoofing=not_available;transshipment=not_available
S1A_IW_GRDH_1SDV_20260218T215132_20260218T215157_063279_07F220_27B7,525401679,,2026-02-18T21:51:32Z,2026-02-18T21:51:32Z,,,,,,,,,,FINAL_4_PIPELINE_MODELS.h5,gear=not_available;godark=not_available;spoofing=not_available;transshipment=not_available
S1A_IW_GRDH_1SDV_20260218T215157_20260218T215222_063279_07F220_ED26,525023222,,2026-02-18T21:51:57Z,2026-02-18T21:51:57Z,,,,,,,,,,FINAL_4_PIPELINE_MODELS.h5,gear=not_available;godark=not_available;spoofing=not_available;transshipment=not_available
S1A_IW_GRDH_1SDV_20260218T215222_20260218T215247_063279_07F220_D835,525005002,,2026-02-18T21:52:22Z,2026-02-18T21:52:22Z,,,,,,,,,,FINAL_4_PIPELINE_MODELS.h5,gear=not_available;godark=not_available;spoofing=not_available;transshipment=not_available
S1A_IW_GRDH_1SDV_20260219T115028_20260219T115053_063288_07F270_3A9E,525101856,,2026-02-19T11:50:28Z,2026-02-19T11:50:28Z,,,,,,,,,,FINAL_4_PIPELINE_MODELS.h5,gear=not_available;godark=not_available;spoofing=not_available;transshipment=not_available
S1A_IW_GRDH_1SDV_20260219T115118_20260219T115146_063288_07F270_730B,416006701,,2026-02-19T11:51:18Z,2026-02-19T11:51:18Z,,,,,,,0.01393763102834089,normal,real_loitering_000084,FINAL_4_PIPELINE_MODELS.h5,gear=not_available;godark=not_available;spoofing=not_available;transshipment=available
S1A_IW_GRDH_1SDV_20260219T205511_20260219T205536_063293_07F2AC_3ED7,525101077,,2026-02-19T20:55:11Z,2026-02-19T20:55:11Z,,,,,,,,,,FINAL_4_PIPELINE_MODELS.h5,gear=not_available;godark=not_available;spoofing=not_available;transshipment=not_available
S1A_IW_GRDH_1SDV_20260219T223304_20260219T223329_063294_07F2B4_8D7A,304200000,,2026-02-19T22:33:04Z,2026-02-19T22:33:04Z,,,,,,,,,,FINAL_4_PIPELINE_MODELS.h5,gear=not_available;godark=not_available;spoofing=not_available;transshipment=not_available
S1A_IW_GRDH_1SDV_20260219T223354_20260219T223421_063294_07F2B4_8FBD,525015381,,2026-02-19T22:33:54Z,2026-02-19T22:33:54Z,,,,,,,,,,FINAL_4_PIPELINE_MODELS.h5,gear=not_available;godark=not_available;spoofing=not_available;transshipment=not_available
S1A_IW_GRDH_1SDV_20260221T113359_20260221T113424_063317_07F392_DB22,416006701,,2026-02-21T11:33:59Z,2026-02-21T11:33:59Z,,,,,,,0.01393763102834089,normal,real_loitering_000084,FINAL_4_PIPELINE_MODELS.h5,gear=not_available;godark=not_available;spoofing=not_available;transshipment=available
S1A_IW_GRDH_1SDV_20260223T093554_20260223T093623_063344_07F4A6_8C6D,525900453,,2026-02-23T09:35:54Z,2026-02-23T09:35:54Z,,,,,,,,,,FINAL_4_PIPELINE_MODELS.h5,gear=not_available;godark=not_available;spoofing=not_available;transshipment=not_available
S1A_IW_GRDH_1SDV_20260223T111519_20260223T111544_063345_07F4B1_92F4,525023144,,2026-02-23T11:15:19Z,2026-02-23T11:15:19Z,,,,,,,,,,FINAL_4_PIPELINE_MODELS.h5,gear=not_available;godark=not_available;spoofing=not_available;transshipment=not_available
S1A_IW_GRDH_1SDV_20260223T111544_20260223T111609_063345_07F4B1_B4DD,525012345,,2026-02-23T11:15:44Z,2026-02-23T11:15:44Z,,,,,,,,,,FINAL_4_PIPELINE_MODELS.h5,gear=not_available;godark=not_available;spoofing=not_available;transshipment=not_available
S1A_IW_GRDH_1SDV_20260224T210149_20260224T210214_063366_07F57B_C945,525600798,,2026-02-24T21:01:49Z,2026-02-24T21:01:49Z,,,,,,,,,,FINAL_4_PIPELINE_MODELS.h5,gear=not_available;godark=not_available;spoofing=not_available;transshipment=not_available
S1A_IW_GRDH_1SDV_20260225T092002_20260225T092032_063373_07F5C5_3808,525600768,,2026-02-25T09:20:02Z,2026-02-25T09:20:02Z,,,,,,,,,,FINAL_4_PIPELINE_MODELS.h5,gear=not_available;godark=not_available;spoofing=not_available;transshipment=not_available
S1A_IW_GRDH_1SDV_20260225T214321_20260225T214346_063381_07F60D_CA72,525100038,,2026-02-25T21:43:21Z,2026-02-25T21:43:21Z,,,,,,,,,,FINAL_4_PIPELINE_MODELS.h5,gear=not_available;godark=not_available;spoofing=not_available;transshipment=not_available
S1A_IW_GRDH_1SDV_20260302T110658_20260302T110723_063447_07F891_0752,525005012,,2026-03-02T11:06:58Z,2026-03-02T11:06:58Z,,,,,,,,,,FINAL_4_PIPELINE_MODELS.h5,gear=not_available;godark=not_available;spoofing=not_available;transshipment=not_available
S1A_IW_GRDH_1SDV_20260302T215312_20260302T215340_063454_07F8CE_BD63,525100795,,2026-03-02T21:53:12Z,2026-03-02T21:53:12Z,,,,,,,,,,FINAL_4_PIPELINE_MODELS.h5,gear=not_available;godark=not_available;spoofing=not_available;transshipment=not_available
S1A_IW_GRDH_1SDV_20260302T215312_20260302T215340_063454_07F8CE_BD63,525900118,,2026-03-02T21:53:12Z,2026-03-02T21:53:12Z,,,,,,,,,,FINAL_4_PIPELINE_MODELS.h5,gear=not_available;godark=not_available;spoofing=not_available;transshipment=not_available
S1A_IW_GRDH_1SDV_20260303T100844_20260303T100912_063461_07F912_6A18,525005038,,2026-03-03T10:08:44Z,2026-03-03T10:08:44Z,,,,,,,,,,FINAL_4_PIPELINE_MODELS.h5,gear=not_available;godark=not_available;spoofing=not_available;transshipment=not_available
S1A_IW_GRDH_1SDV_20260303T223214_20260303T223239_063469_07F964_7A45,525221113,,2026-03-03T22:32:14Z,2026-03-03T22:32:14Z,,,,,,,,,,FINAL_4_PIPELINE_MODELS.h5,gear=not_available;godark=not_available;spoofing=not_available;transshipment=not_available
S1A_IW_GRDH_1SDV_20260303T223354_20260303T223421_063469_07F964_1054,525024295,,2026-03-03T22:33:54Z,2026-03-03T22:33:54Z,,,,,,,,,,FINAL_4_PIPELINE_MODELS.h5,gear=not_available;godark=not_available;spoofing=not_available;transshipment=not_available
S1A_IW_GRDH_1SDV_20260303T223354_20260303T223421_063469_07F964_1054,525101950,,2026-03-03T22:33:54Z,2026-03-03T22:33:54Z,,,,,,,,,,FINAL_4_PIPELINE_MODELS.h5,gear=not_available;godark=not_available;spoofing=not_available;transshipment=not_available
S1A_IW_GRDH_1SDV_20260303T223354_20260303T223421_063469_07F964_1054,525600471,,2026-03-03T22:33:54Z,2026-03-03T22:33:54Z,,,,,,,,,,FINAL_4_PIPELINE_MODELS.h5,gear=not_available;godark=not_available;spoofing=not_available;transshipment=not_available
S1A_IW_GRDH_1SDV_20260303T223354_20260303T223421_063469_07F964_1054,525900238,,2026-03-03T22:33:54Z,2026-03-03T22:33:54Z,,,,,,,,,,FINAL_4_PIPELINE_MODELS.h5,gear=not_available;godark=not_available;spoofing=not_available;transshipment=not_available
S1A_IW_GRDH_1SDV_20260304T091115_20260304T091133_063475_07F9A3_C5EB,525005360,,2026-03-04T09:11:15Z,2026-03-04T09:11:15Z,,,,,,,,,,FINAL_4_PIPELINE_MODELS.h5,gear=not_available;godark=not_available;spoofing=not_available;transshipment=not_available
S1A_IW_GRDH_1SDV_20260304T091115_20260304T091133_063475_07F9A3_C5EB,525005371,,2026-03-04T09:11:15Z,2026-03-04T09:11:15Z,,,,,,,,,,FINAL_4_PIPELINE_MODELS.h5,gear=not_available;godark=not_available;spoofing=not_available;transshipment=not_available
S1A_IW_GRDH_1SDV_20260304T091115_20260304T091133_063475_07F9A3_C5EB,525005447,,2026-03-04T09:11:15Z,2026-03-04T09:11:15Z,,,,,,,,,,FINAL_4_PIPELINE_MODELS.h5,gear=not_available;godark=not_available;spoofing=not_available;transshipment=not_available
S1A_IW_GRDH_1SDV_20260304T091115_20260304T091133_063475_07F9A3_C5EB,525201688,,2026-03-04T09:11:15Z,2026-03-04T09:11:15Z,,,,,,,,,,FINAL_4_PIPELINE_MODELS.h5,gear=not_available;godark=not_available;spoofing=not_available;transshipment=not_available
S1A_IW_GRDH_1SDV_20260304T105031_20260304T105057_063476_07F9B1_4C2C,525005012,,2026-03-04T10:50:31Z,2026-03-04T10:50:31Z,,,,,,,,,,FINAL_4_PIPELINE_MODELS.h5,gear=not_available;godark=not_available;spoofing=not_available;transshipment=not_available
S1A_IW_GRDH_1SDV_20260305T203808_20260305T203833_063497_07FA75_AF01,525119087,,2026-03-05T20:38:08Z,2026-03-05T20:38:08Z,,,,,,,,,,FINAL_4_PIPELINE_MODELS.h5,gear=not_available;godark=not_available;spoofing=not_available;transshipment=not_available
S1A_IW_GRDH_1SDV_20260307T111519_20260307T111544_063520_07FB52_E555,525019404,,2026-03-07T11:15:19Z,2026-03-07T11:15:19Z,,,,,,,,,,FINAL_4_PIPELINE_MODELS.h5,gear=not_available;godark=not_available;spoofing=not_available;transshipment=not_available
S1A_IW_GRDH_1SDV_20260307T111519_20260307T111544_063520_07FB52_E555,525401796,,2026-03-07T11:15:19Z,2026-03-07T11:15:19Z,,,,,,,,,,FINAL_4_PIPELINE_MODELS.h5,gear=not_available;godark=not_available;spoofing=not_available;transshipment=not_available
S1A_IW_GRDH_1SDV_20260307T111609_20260307T111634_063520_07FB52_ECF9,525015603,,2026-03-07T11:16:09Z,2026-03-07T11:16:09Z,,,,,,,,,,FINAL_4_PIPELINE_MODELS.h5,gear=not_available;godark=not_available;spoofing=not_available;transshipment=not_available
S1A_IW_GRDH_1SDV_20260307T111659_20260307T111724_063520_07FB52_CF91,319038100,,2026-03-07T11:16:59Z,2026-03-07T11:16:59Z,,,,,,,,,,FINAL_4_PIPELINE_MODELS.h5,gear=not_available;godark=not_available;spoofing=not_available;transshipment=not_available
S1A_IW_GRDH_1SDV_20260307T111724_20260307T111749_063520_07FB52_4317,535501062,,2026-03-07T11:17:24Z,2026-03-07T11:17:24Z,,,,,,,,,,FINAL_4_PIPELINE_MODELS.h5,gear=not_available;godark=not_available;spoofing=not_available;transshipment=not_available
S1A_IW_GRDH_1SDV_20260307T215922_20260307T215947_063527_07FB8F_1D9F,525100853,,2026-03-07T21:59:22Z,2026-03-07T21:59:22Z,,,,,,,,,,FINAL_4_PIPELINE_MODELS.h5,gear=not_available;godark=not_available;spoofing=not_available;transshipment=not_available
S1A_IW_GRDH_1SDV_20260310T114249_20260310T114314_063565_07FD00_A2B2,525128222,,2026-03-10T11:42:49Z,2026-03-10T11:42:49Z,,,,,,,,,,FINAL_4_PIPELINE_MODELS.h5,gear=not_available;godark=not_available;spoofing=not_available;transshipment=not_available
S1A_IW_GRDH_1SDV_20260310T114249_20260310T114314_063565_07FD00_A2B2,525132966,,2026-03-10T11:42:49Z,2026-03-10T11:42:49Z,,,,,,,,,,FINAL_4_PIPELINE_MODELS.h5,gear=not_available;godark=not_available;spoofing=not_available;transshipment=not_available
S1A_IW_GRDH_1SDV_20260310T204549_20260310T204614_063570_07FD3D_53D6,525007349,,2026-03-10T20:45:49Z,2026-03-10T20:45:49Z,,,,,,,,,,FINAL_4_PIPELINE_MODELS.h5,gear=not_available;godark=not_available;spoofing=not_available;transshipment=not_available
S1A_IW_GRDH_1SDV_20260310T204549_20260310T204614_063570_07FD3D_53D6,525010133,,2026-03-10T20:45:49Z,2026-03-10T20:45:49Z,,,,,,,,,,FINAL_4_PIPELINE_MODELS.h5,gear=not_available;godark=not_available;spoofing=not_available;transshipment=not_available
S1A_IW_GRDH_1SDV_20260312T112459_20260312T112524_063593_07FE1B_AAE9,525016724,,2026-03-12T11:24:59Z,2026-03-12T11:24:59Z,,,,,,,,,,FINAL_4_PIPELINE_MODELS.h5,gear=not_available;godark=not_available;spoofing=not_available;transshipment=not_available
S1A_IW_GRDH_1SDV_20260312T112524_20260312T112549_063593_07FE1B_C840,525015053,,2026-03-12T11:25:24Z,2026-03-12T11:25:24Z,,,,,,,,,,FINAL_4_PIPELINE_MODELS.h5,gear=not_available;godark=not_available;spoofing=not_available;transshipment=not_available
S1A_IW_GRDH_1SDV_20260312T112524_20260312T112549_063593_07FE1B_C840,525110112,,2026-03-12T11:25:24Z,2026-03-12T11:25:24Z,,,,,,,,,,FINAL_4_PIPELINE_MODELS.h5,gear=not_available;godark=not_available;spoofing=not_available;transshipment=not_available
S1A_IW_GRDH_1SDV_20260313T102640_20260313T102705_063607_07FEA8_C2FA,440099000,,2026-03-13T10:26:40Z,2026-03-13T10:26:40Z,,,,,,,,,,FINAL_4_PIPELINE_MODELS.h5,gear=not_available;godark=not_available;spoofing=not_available;transshipment=not_available
S1A_IW_GRDH_1SDV_20260313T102640_20260313T102705_063607_07FEA8_C2FA,525015383,,2026-03-13T10:26:40Z,2026-03-13T10:26:40Z,,,,,,,,,,FINAL_4_PIPELINE_MODELS.h5,gear=not_available;godark=not_available;spoofing=not_available;transshipment=not_available
S1A_IW_GRDH_1SDV_20260313T211004_20260313T211029_063614_07FEE6_5BFD,525005031,,2026-03-13T21:10:04Z,2026-03-13T21:10:04Z,,,,,,,,,,FINAL_4_PIPELINE_MODELS.h5,gear=not_available;godark=not_available;spoofing=not_available;transshipment=not_available
S1A_IW_GRDH_1SDV_20260314T092920_20260314T092945_063621_07FF2B_2822,525007349,,2026-03-14T09:29:20Z,2026-03-14T09:29:20Z,,,,,,,,,,FINAL_4_PIPELINE_MODELS.h5,gear=not_available;godark=not_available;spoofing=not_available;transshipment=not_available
S1A_IW_GRDH_1SDV_20260314T201514_20260314T201539_063628_07FF6E_9EB9,525005891,,2026-03-14T20:15:14Z,2026-03-14T20:15:14Z,,,,,,,,,,FINAL_4_PIPELINE_MODELS.h5,gear=not_available;godark=not_available;spoofing=not_available;transshipment=not_available
S1A_IW_GRDH_1SDV_20260314T215132_20260314T215157_063629_07FF74_1EEF,525005030,,2026-03-14T21:51:32Z,2026-03-14T21:51:32Z,,,,,,,,,,FINAL_4_PIPELINE_MODELS.h5,gear=not_available;godark=not_available;spoofing=not_available;transshipment=not_available
S1A_IW_GRDH_1SDV_20260201T214413_20260201T214438_063031_07E8E6_4D01,525113041,,2026-02-01T21:44:13Z,2026-02-01T21:44:13Z,,,,,,,,,,FINAL_4_PIPELINE_MODELS.h5,gear=not_available;godark=not_available;spoofing=not_available;transshipment=not_available
S1A_IW_GRDH_1SDV_20260204T220905_20260204T220930_063075_07EA7C_1906,525005256,,2026-02-04T22:09:05Z,2026-02-04T22:09:05Z,,,,,,,,,,FINAL_4_PIPELINE_MODELS.h5,gear=not_available;godark=not_available;spoofing=not_available;transshipment=not_available
S1A_IW_GRDH_1SDV_20260201T214413_20260201T214438_063031_07E8E6_4D01,525125012,,2026-02-01T21:44:13Z,2026-02-01T21:44:13Z,,,,,,,,,,FINAL_4_PIPELINE_MODELS.h5,gear=not_available;godark=not_available;spoofing=not_available;transshipment=not_available
S1A_IW_GRDH_1SDV_20260209T203809_20260209T203834_063147_07ED35_43A2,525113006,,2026-02-09T20:38:09Z,2026-02-09T20:38:09Z,,,,,,,,,,FINAL_4_PIPELINE_MODELS.h5,gear=not_available;godark=not_available;spoofing=not_available;transshipment=not_available
S1A_IW_GRDH_1SDV_20260208T105032_20260208T105058_063126_07EC76_8C3E,525005256,,2026-02-08T10:50:32Z,2026-02-08T10:50:32Z,,,,,,,,,,FINAL_4_PIPELINE_MODELS.h5,gear=not_available;godark=not_available;spoofing=not_available;transshipment=not_available
S1A_IW_GRDH_1SDV_20260201T214233_20260201T214258_063031_07E8E6_DE84,477424800,,2026-02-01T21:42:33Z,2026-02-01T21:42:33Z,,,,,,,,,,FINAL_4_PIPELINE_MODELS.h5,gear=not_available;godark=not_available;spoofing=not_available;transshipment=not_available
S1A_IW_GRDH_1SDV_20260207T223305_20260207T223330_063119_07EC28_AC9D,525019593,,2026-02-07T22:33:05Z,2026-02-07T22:33:05Z,,,,,,,,,,FINAL_4_PIPELINE_MODELS.h5,gear=not_available;godark=not_available;spoofing=not_available;transshipment=not_available
S1A_IW_GRDH_1SDV_20260211T093554_20260211T093623_063169_07EDFC_8F14,525121037,,2026-02-11T09:35:54Z,2026-02-11T09:35:54Z,,,,,,,,,,FINAL_4_PIPELINE_MODELS.h5,gear=not_available;godark=not_available;spoofing=not_available;transshipment=not_available
S1A_IW_GRDH_1SDV_20260201T214258_20260201T214323_063031_07E8E6_6469,525019381,,2026-02-01T21:42:58Z,2026-02-01T21:42:58Z,,,,,,,,,,FINAL_4_PIPELINE_MODELS.h5,gear=not_available;godark=not_available;spoofing=not_available;transshipment=not_available
S1A_IW_GRDH_1SDV_20260201T214413_20260201T214438_063031_07E8E6_4D01,525114127,,2026-02-01T21:44:13Z,2026-02-01T21:44:13Z,,,,,,,,,,FINAL_4_PIPELINE_MODELS.h5,gear=not_available;godark=not_available;spoofing=not_available;transshipment=not_available
S1A_IW_GRDH_1SDV_20260210T211806_20260210T211831_063162_07EDB8_0C98,525006286,,2026-02-10T21:18:06Z,2026-02-10T21:18:06Z,,,,,,,,,,FINAL_4_PIPELINE_MODELS.h5,gear=not_available;godark=not_available;spoofing=not_available;transshipment=not_available
S1A_IW_GRDH_1SDV_20260201T214348_20260201T214413_063031_07E8E6_AD4A,352425000,,2026-02-01T21:43:48Z,2026-02-01T21:43:48Z,,,,,,,,,,FINAL_4_PIPELINE_MODELS.h5,gear=not_available;godark=not_available;spoofing=not_available;transshipment=not_available
S1A_IW_GRDH_1SDV_20260201T214233_20260201T214258_063031_07E8E6_DE84,525601345,,2026-02-01T21:42:33Z,2026-02-01T21:42:33Z,,,,,,,,,,FINAL_4_PIPELINE_MODELS.h5,gear=not_available;godark=not_available;spoofing=not_available;transshipment=not_available
S1A_IW_GRDH_1SDV_20260213T214347_20260213T214412_063206_07EF64_F820,525005045,,2026-02-13T21:43:47Z,2026-02-13T21:43:47Z,,,,,,,,,,FINAL_4_PIPELINE_MODELS.h5,gear=not_available;godark=not_available;spoofing=not_available;transshipment=not_available
S1A_IW_GRDH_1SDV_20260205T211055_20260205T211120_063089_07EB08_0B7F,525125012,,2026-02-05T21:10:55Z,2026-02-05T21:10:55Z,,,,,,,,,,FINAL_4_PIPELINE_MODELS.h5,gear=not_available;godark=not_available;spoofing=not_available;transshipment=not_available
S1A_IW_GRDH_1SDV_20260202T100046_20260202T100111_063038_07E928_DAEB,477147400,,2026-02-02T10:00:46Z,2026-02-02T10:00:46Z,,,,,,,,,,FINAL_4_PIPELINE_MODELS.h5,gear=not_available;godark=not_available;spoofing=not_available;transshipment=not_available
S1A_IW_GRDH_1SDV_20260203T090444_20260203T090512_063052_07E9AC_B725,525016550,,2026-02-03T09:04:44Z,2026-02-03T09:04:44Z,,,,,,,,,,FINAL_4_PIPELINE_MODELS.h5,gear=not_available;godark=not_available;spoofing=not_available;transshipment=not_available
S1A_IW_GRDH_1SDV_20260212T101616_20260212T101645_063184_07EE91_B095,525101263,,2026-02-12T10:16:16Z,2026-02-12T10:16:16Z,,,,,,,,,,FINAL_4_PIPELINE_MODELS.h5,gear=not_available;godark=not_available;spoofing=not_available;transshipment=not_available
S1A_IW_GRDH_1SDV_20260216T220904_20260216T220929_063250_07F107_A8AC,525401537,,2026-02-16T22:09:04Z,2026-02-16T22:09:04Z,,,,,,,,,,FINAL_4_PIPELINE_MODELS.h5,gear=not_available;godark=not_available;spoofing=not_available;transshipment=not_available
S1A_IW_GRDH_1SDV_20260218T092801_20260218T092830_063271_07F1D8_845F,525016285,,2026-02-18T09:28:01Z,2026-02-18T09:28:01Z,,,,,,,,,,FINAL_4_PIPELINE_MODELS.h5,gear=not_available;godark=not_available;spoofing=not_available;transshipment=not_available
S1A_IW_GRDH_1SDV_20260208T213336_20260208T213401_063133_07ECB4_C20A,357007000,,2026-02-08T21:33:36Z,2026-02-08T21:33:36Z,,,,,,,,,,FINAL_4_PIPELINE_MODELS.h5,gear=not_available;godark=not_available;spoofing=not_available;transshipment=not_available
S1A_IW_GRDH_1SDV_20260208T213606_20260208T213631_063133_07ECB4_A064,525201122,,2026-02-08T21:36:06Z,2026-02-08T21:36:06Z,,,,,,,,,,FINAL_4_PIPELINE_MODELS.h5,gear=not_available;godark=not_available;spoofing=not_available;transshipment=not_available
S1A_IW_GRDH_1SDV_20260221T221631_20260221T221656_063323_07F3D5_5B26,525015879,,2026-02-21T22:16:31Z,2026-02-21T22:16:31Z,,,,,,,,,,FINAL_4_PIPELINE_MODELS.h5,gear=not_available;godark=not_available;spoofing=not_available;transshipment=not_available
S1A_IW_GRDH_1SDV_20260202T114135_20260202T114200_063039_07E931_6DD7,525601478,,2026-02-02T11:41:35Z,2026-02-02T11:41:35Z,,,,,,,,,,FINAL_4_PIPELINE_MODELS.h5,gear=not_available;godark=not_available;spoofing=not_available;transshipment=not_available
S1A_IW_GRDH_1SDV_20260204T203053_20260204T203118_063074_07EA72_AB11,255806141,,2026-02-04T20:30:53Z,2026-02-04T20:30:53Z,,,,,,,,,,FINAL_4_PIPELINE_MODELS.h5,gear=not_available;godark=not_available;spoofing=not_available;transshipment=not_available
S1A_IW_GRDH_1SDV_20260209T113244_20260209T113309_063141_07ECFF_9540,352004613,,2026-02-09T11:32:44Z,2026-02-09T11:32:44Z,,,,,,,,,,FINAL_4_PIPELINE_MODELS.h5,gear=not_available;godark=not_available;spoofing=not_available;transshipment=not_available
S1A_IW_GRDH_1SDV_20260201T214208_20260201T214233_063031_07E8E6_8878,256828000,,2026-02-01T21:42:08Z,2026-02-01T21:42:08Z,,,,,,,,,,FINAL_4_PIPELINE_MODELS.h5,gear=not_available;godark=not_available;spoofing=not_available;transshipment=not_available
S1A_IW_GRDH_1SDV_20260218T201449_20260218T201514_063278_07F21A_600D,525900595,,2026-02-18T20:14:49Z,2026-02-18T20:14:49Z,,,,,,,,,,FINAL_4_PIPELINE_MODELS.h5,gear=not_available;godark=not_available;spoofing=not_available;transshipment=not_available
S1A_IW_GRDH_1SDV_20260212T210149_20260212T210214_063191_07EED2_698E,525008009,,2026-02-12T21:01:49Z,2026-02-12T21:01:49Z,,,,,,,,,,FINAL_4_PIPELINE_MODELS.h5,gear=not_available;godark=not_available;spoofing=not_available;transshipment=not_available
S1A_IW_GRDH_1SDV_20260303T223214_20260303T223239_063469_07F964_7A45,574001800,,2026-03-03T22:32:14Z,2026-03-03T22:32:14Z,,,,,,,,,,FINAL_4_PIPELINE_MODELS.h5,gear=not_available;godark=not_available;spoofing=not_available;transshipment=not_available
S1A_IW_GRDH_1SDV_20260201T232040_20260201T232103_063032_07E8EF_DA7C,636022823,,2026-02-01T23:20:40Z,2026-02-01T23:20:40Z,,,,,,,,,,FINAL_4_PIPELINE_MODELS.h5,gear=not_available;godark=not_available;spoofing=not_available;transshipment=not_available
S1A_IW_GRDH_1SDV_20260202T204730_20260202T204755_063045_07E96C_8B5B,525100392,,2026-02-02T20:47:30Z,2026-02-02T20:47:30Z,,,,,,,,,,FINAL_4_PIPELINE_MODELS.h5,gear=not_available;godark=not_available;spoofing=not_available;transshipment=not_available
S1A_IW_GRDH_1SDV_20260201T214208_20260201T214233_063031_07E8E6_8878,525025082,,2026-02-01T21:42:08Z,2026-02-01T21:42:08Z,,,,,,,,,,FINAL_4_PIPELINE_MODELS.h5,gear=not_available;godark=not_available;spoofing=not_available;transshipment=not_available
S1A_IW_GRDH_1SDV_20260215T090444_20260215T090511_063227_07F032_30A0,525101087,,2026-02-15T09:04:44Z,2026-02-15T09:04:44Z,,,,,,,,,,FINAL_4_PIPELINE_MODELS.h5,gear=not_available;godark=not_available;spoofing=not_available;transshipment=not_available
S1A_IW_GRDH_1SDV_20260209T203859_20260209T203924_063147_07ED35_F004,414171000,,2026-02-09T20:38:59Z,2026-02-09T20:38:59Z,,,,,,,,,,FINAL_4_PIPELINE_MODELS.h5,gear=not_available;godark=not_available;spoofing=not_available;transshipment=not_available
S1A_IW_GRDH_1SDV_20260216T112315_20260216T112344_063243_07F0C2_ED7C,525120010,,2026-02-16T11:23:15Z,2026-02-16T11:23:15Z,,,,,,,,,,FINAL_4_PIPELINE_MODELS.h5,gear=not_available;godark=not_available;spoofing=not_available;transshipment=not_available
S1A_IW_GRDH_1SDV_20260212T210239_20260212T210304_063191_07EED2_8A03,525101073,,2026-02-12T21:02:39Z,2026-02-12T21:02:39Z,,,,,,,,,,FINAL_4_PIPELINE_MODELS.h5,gear=not_available;godark=not_available;spoofing=not_available;transshipment=not_available
S1A_IW_GRDH_1SDV_20260202T100136_20260202T100148_063038_07E928_4736,525901589,,2026-02-02T10:01:36Z,2026-02-02T10:01:36Z,,,,,,,,,,FINAL_4_PIPELINE_MODELS.h5,gear=not_available;godark=not_available;spoofing=not_available;transshipment=not_available
S1A_IW_GRDH_1SDV_20260201T214233_20260201T214258_063031_07E8E6_DE84,525105002,,2026-02-01T21:42:33Z,2026-02-01T21:42:33Z,,,,,,,,,,FINAL_4_PIPELINE_MODELS.h5,gear=not_available;godark=not_available;spoofing=not_available;transshipment=not_available
S1A_IW_GRDH_1SDV_20260201T214323_20260201T214348_063031_07E8E6_F802,525016584,,2026-02-01T21:43:23Z,2026-02-01T21:43:23Z,,,,,,,,,,FINAL_4_PIPELINE_MODELS.h5,gear=not_available;godark=not_available;spoofing=not_available;transshipment=not_available
S1A_IW_GRDH_1SDV_20260208T213606_20260208T213631_063133_07ECB4_A064,525005193,,2026-02-08T21:36:06Z,2026-02-08T21:36:06Z,,,,,,,,,,FINAL_4_PIPELINE_MODELS.h5,gear=not_available;godark=not_available;spoofing=not_available;transshipment=not_available
S1A_IW_GRDH_1SDV_20260314T092801_20260314T092830_063621_07FF2B_5828,525016285,,2026-03-14T09:28:01Z,2026-03-14T09:28:01Z,,,,,,,,,,FINAL_4_PIPELINE_MODELS.h5,gear=not_available;godark=not_available;spoofing=not_available;transshipment=not_available
S1A_IW_GRDH_1SDV_20260303T223329_20260303T223354_063469_07F964_12E5,525018171,,2026-03-03T22:33:29Z,2026-03-03T22:33:29Z,,,,,,,,,,FINAL_4_PIPELINE_MODELS.h5,gear=not_available;godark=not_available;spoofing=not_available;transshipment=not_available
S1A_IW_GRDH_1SDV_20260207T223125_20260207T223150_063119_07EC28_CF59,574000870,,2026-02-07T22:31:25Z,2026-02-07T22:31:25Z,,,,,,,,,,FINAL_4_PIPELINE_MODELS.h5,gear=not_available;godark=not_available;spoofing=not_available;transshipment=not_available
S1A_IW_GRDH_1SDV_20260304T105031_20260304T105057_063476_07F9B1_4C2C,525015668,,2026-03-04T10:50:31Z,2026-03-04T10:50:31Z,,,,,,,,,,FINAL_4_PIPELINE_MODELS.h5,gear=not_available;godark=not_available;spoofing=not_available;transshipment=not_available
S1A_IW_GRDH_1SDV_20260205T102512_20260205T102540_063082_07EACC_441F,525025074,,2026-02-05T10:25:12Z,2026-02-05T10:25:12Z,,,,,,,,,,FINAL_4_PIPELINE_MODELS.h5,gear=not_available;godark=not_available;spoofing=not_available;transshipment=not_available
S1A_IW_GRDH_1SDV_20260219T205327_20260219T205356_063293_07F2AC_C4DF,525400113,,2026-02-19T20:53:27Z,2026-02-19T20:53:27Z,,,,,,,,,,FINAL_4_PIPELINE_MODELS.h5,gear=not_available;godark=not_available;spoofing=not_available;transshipment=not_available
S1A_IW_GRDH_1SDV_20260211T111519_20260211T111544_063170_07EE07_F4C7,525223456,,2026-02-11T11:15:19Z,2026-02-11T11:15:19Z,,,,,,,,,,FINAL_4_PIPELINE_MODELS.h5,gear=not_available;godark=not_available;spoofing=not_available;transshipment=not_available
S1A_IW_GRDH_1SDV_20260308T101800_20260308T101825_063534_07FBDD_64BC,525002103,,2026-03-08T10:18:00Z,2026-03-08T10:18:00Z,,,,,,,,,,FINAL_4_PIPELINE_MODELS.h5,gear=not_available;godark=not_available;spoofing=not_available;transshipment=not_available
S1A_IW_GRDH_1SDV_20260201T214258_20260201T214323_063031_07E8E6_6469,636021286,,2026-02-01T21:42:58Z,2026-02-01T21:42:58Z,,,,,,,,,,FINAL_4_PIPELINE_MODELS.h5,gear=not_available;godark=not_available;spoofing=not_available;transshipment=not_available
S1A_IW_GRDH_1SDV_20260214T204549_20260214T204614_063220_07EFEA_1891,525101083,,2026-02-14T20:45:49Z,2026-02-14T20:45:49Z,,,,,,,,,,FINAL_4_PIPELINE_MODELS.h5,gear=not_available;godark=not_available;spoofing=not_available;transshipment=not_available
S1A_IW_GRDH_1SDV_20260207T223240_20260207T223305_063119_07EC28_5010,525700009,,2026-02-07T22:32:40Z,2026-02-07T22:32:40Z,,,,,,,,,,FINAL_4_PIPELINE_MODELS.h5,gear=not_available;godark=not_available;spoofing=not_available;transshipment=not_available
S1A_IW_GRDH_1SDV_20260303T223329_20260303T223354_063469_07F964_12E5,525003374,,2026-03-03T22:33:29Z,2026-03-03T22:33:29Z,,,,,,,,,,FINAL_4_PIPELINE_MODELS.h5,gear=not_available;godark=not_available;spoofing=not_available;transshipment=not_available
S1A_IW_GRDH_1SDV_20260207T205537_20260207T205602_063118_07EC1F_86F8,563052400,,2026-02-07T20:55:37Z,2026-02-07T20:55:37Z,,,,,,,,,,FINAL_4_PIPELINE_MODELS.h5,gear=not_available;godark=not_available;spoofing=not_available;transshipment=not_available
S1A_IW_GRDH_1SDV_20260210T211647_20260210T211716_063162_07EDB8_EEBD,636019952,,2026-02-10T21:16:47Z,2026-02-10T21:16:47Z,,,,,,,,,,FINAL_4_PIPELINE_MODELS.h5,gear=not_available;godark=not_available;spoofing=not_available;transshipment=not_available
S1A_IW_GRDH_1SDV_20260201T214413_20260201T214438_063031_07E8E6_4D01,525119065,,2026-02-01T21:44:13Z,2026-02-01T21:44:13Z,,,,,,,,,,FINAL_4_PIPELINE_MODELS.h5,gear=not_available;godark=not_available;spoofing=not_available;transshipment=not_available
S1A_IW_GRDH_1SDV_20260207T223330_20260207T223355_063119_07EC28_B5F7,525100173,,2026-02-07T22:33:30Z,2026-02-07T22:33:30Z,,,,,,,,,,FINAL_4_PIPELINE_MODELS.h5,gear=not_available;godark=not_available;spoofing=not_available;transshipment=not_available
S1A_IW_GRDH_1SDV_20260207T223330_20260207T223355_063119_07EC28_B5F7,525020309,,2026-02-07T22:33:30Z,2026-02-07T22:33:30Z,,,,,,,,,,FINAL_4_PIPELINE_MODELS.h5,gear=not_available;godark=not_available;spoofing=not_available;transshipment=not_available
S1A_IW_GRDH_1SDV_20260205T224735_20260205T224800_063090_07EB0F_B181,255806496,,2026-02-05T22:47:35Z,2026-02-05T22:47:35Z,,,,,,,,,,FINAL_4_PIPELINE_MODELS.h5,gear=not_available;godark=not_available;spoofing=not_available;transshipment=not_available
S1A_IW_GRDH_1SDV_20260303T223329_20260303T223354_063469_07F964_12E5,525600491,,2026-03-03T22:33:29Z,2026-03-03T22:33:29Z,,,,,,,,,,FINAL_4_PIPELINE_MODELS.h5,gear=not_available;godark=not_available;spoofing=not_available;transshipment=not_available
S1A_IW_GRDH_1SDV_20260209T113334_20260209T113359_063141_07ECFF_5730,372746000,,2026-02-09T11:33:34Z,2026-02-09T11:33:34Z,,,,,,,,,,FINAL_4_PIPELINE_MODELS.h5,gear=not_available;godark=not_available;spoofing=not_available;transshipment=not_available
S1A_IW_GRDH_1SDV_20260208T213631_20260208T213656_063133_07ECB4_8B78,525701505,,2026-02-08T21:36:31Z,2026-02-08T21:36:31Z,,,,,,,,,,FINAL_4_PIPELINE_MODELS.h5,gear=not_available;godark=not_available;spoofing=not_available;transshipment=not_available
S1A_IW_GRDH_1SDV_20260303T223329_20260303T223354_063469_07F964_12E5,525016346,,2026-03-03T22:33:29Z,2026-03-03T22:33:29Z,,,,,,,,,,FINAL_4_PIPELINE_MODELS.h5,gear=not_available;godark=not_available;spoofing=not_available;transshipment=not_available
S1A_IW_GRDH_1SDV_20260203T104157_20260203T104226_063053_07E9B4_C014,525018455,,2026-02-03T10:41:57Z,2026-02-03T10:41:57Z,,,,,,,,,,FINAL_4_PIPELINE_MODELS.h5,gear=not_available;godark=not_available;spoofing=not_available;transshipment=not_available
S1A_IW_GRDH_1SDV_20260216T220904_20260216T220929_063250_07F107_A8AC,525102590,,2026-02-16T22:09:04Z,2026-02-16T22:09:04Z,,,,,,,,,,FINAL_4_PIPELINE_MODELS.h5,gear=not_available;godark=not_available;spoofing=not_available;transshipment=not_available
S1A_IW_GRDH_1SDV_20260203T212835_20260203T212900_063060_07E9F3_927D,525301327,,2026-02-03T21:28:35Z,2026-02-03T21:28:35Z,,,,,,,,,,FINAL_4_PIPELINE_MODELS.h5,gear=not_available;godark=not_available;spoofing=not_available;transshipment=not_available
S1A_IW_GRDH_1SDV_20260213T214257_20260213T214322_063206_07EF64_43E7,431447000,,2026-02-13T21:42:57Z,2026-02-13T21:42:57Z,,,,,,,,,,FINAL_4_PIPELINE_MODELS.h5,gear=not_available;godark=not_available;spoofing=not_available;transshipment=not_available
S1A_IW_GRDH_1SDV_20260207T205512_20260207T205537_063118_07EC1F_A922,525500142,,2026-02-07T20:55:12Z,2026-02-07T20:55:12Z,,,,,,,,,,FINAL_4_PIPELINE_MODELS.h5,gear=not_available;godark=not_available;spoofing=not_available;transshipment=not_available
S1A_IW_GRDH_1SDV_20260310T204549_20260310T204614_063570_07FD3D_53D6,525101083,,2026-03-10T20:45:49Z,2026-03-10T20:45:49Z,,,,,,,,,,FINAL_4_PIPELINE_MODELS.h5,gear=not_available;godark=not_available;spoofing=not_available;transshipment=not_available
S1A_IW_GRDH_1SDV_20260216T112524_20260216T112549_063243_07F0C2_14CA,412210000,,2026-02-16T11:25:24Z,2026-02-16T11:25:24Z,,,,,,,,,,FINAL_4_PIPELINE_MODELS.h5,gear=not_available;godark=not_available;spoofing=not_available;transshipment=not_available
S1A_IW_GRDH_1SDV_20260305T203808_20260305T203833_063497_07FA75_AF01,525101197,,2026-03-05T20:38:08Z,2026-03-05T20:38:08Z,,,,,,,,,,FINAL_4_PIPELINE_MODELS.h5,gear=not_available;godark=not_available;spoofing=not_available;transshipment=not_available
S1A_IW_GRDH_1SDV_20260216T203117_20260216T203142_063249_07F0FC_2528,525800725,,2026-02-16T20:31:17Z,2026-02-16T20:31:17Z,,,,,,,,,,FINAL_4_PIPELINE_MODELS.h5,gear=not_available;godark=not_available;spoofing=not_available;transshipment=not_available
S1A_IW_GRDH_1SDV_20260201T214208_20260201T214233_063031_07E8E6_8878,636021334,,2026-02-01T21:42:08Z,2026-02-01T21:42:08Z,,,,,,,,,,FINAL_4_PIPELINE_MODELS.h5,gear=not_available;godark=not_available;spoofing=not_available;transshipment=not_available
S1A_IW_GRDH_1SDV_20260219T115028_20260219T115053_063288_07F270_3A9E,525201255,,2026-02-19T11:50:28Z,2026-02-19T11:50:28Z,,,,,,,,,,FINAL_4_PIPELINE_MODELS.h5,gear=not_available;godark=not_available;spoofing=not_available;transshipment=not_available
S1A_IW_GRDH_1SDV_20260215T104128_20260215T104157_063228_07F03A_350C,525800332,,2026-02-15T10:41:28Z,2026-02-15T10:41:28Z,,,,,,,,,,FINAL_4_PIPELINE_MODELS.h5,gear=not_available;godark=not_available;spoofing=not_available;transshipment=not_available
S1A_IW_GRDH_1SDV_20260303T223329_20260303T223354_063469_07F964_12E5,525850720,,2026-03-03T22:33:29Z,2026-03-03T22:33:29Z,,,,,,,,,,FINAL_4_PIPELINE_MODELS.h5,gear=not_available;godark=not_available;spoofing=not_available;transshipment=not_available
S1A_IW_GRDH_1SDV_20260201T214348_20260201T214413_063031_07E8E6_AD4A,525015360,,2026-02-01T21:43:48Z,2026-02-01T21:43:48Z,,,,,,,,,,FINAL_4_PIPELINE_MODELS.h5,gear=not_available;godark=not_available;spoofing=not_available;transshipment=not_available
S1A_IW_GRDH_1SDV_20260209T113359_20260209T113424_063142_07ECFF_5A35,431938000,,2026-02-09T11:33:59Z,2026-02-09T11:33:59Z,,,,,,,,,,FINAL_4_PIPELINE_MODELS.h5,gear=not_available;godark=not_available;spoofing=not_available;transshipment=not_available
S1A_IW_GRDH_1SDV_20260302T110748_20260302T110816_063447_07F891_3B13,525000777,,2026-03-02T11:07:48Z,2026-03-02T11:07:48Z,,,,,,,,,,FINAL_4_PIPELINE_MODELS.h5,gear=not_available;godark=not_available;spoofing=not_available;transshipment=not_available
S1A_IW_GRDH_1SDV_20260303T223329_20260303T223354_063469_07F964_12E5,525900989,,2026-03-03T22:33:29Z,2026-03-03T22:33:29Z,,,,,,,,,,FINAL_4_PIPELINE_MODELS.h5,gear=not_available;godark=not_available;spoofing=not_available;transshipment=not_available
S1A_IW_GRDH_1SDV_20260201T214348_20260201T214413_063031_07E8E6_AD4A,352004320,,2026-02-01T21:43:48Z,2026-02-01T21:43:48Z,,,,,,,,,,FINAL_4_PIPELINE_MODELS.h5,gear=not_available;godark=not_available;spoofing=not_available;transshipment=not_available
S1A_IW_GRDH_1SDV_20260218T215107_20260218T215132_063279_07F220_2CED,525100882,,2026-02-18T21:51:07Z,2026-02-18T21:51:07Z,,,,,,,,,,FINAL_4_PIPELINE_MODELS.h5,gear=not_available;godark=not_available;spoofing=not_available;transshipment=not_available
S1A_IW_GRDH_1SDV_20260214T204549_20260214T204614_063220_07EFEA_1891,525005001,,2026-02-14T20:45:49Z,2026-02-14T20:45:49Z,,,,,,,,,,FINAL_4_PIPELINE_MODELS.h5,gear=not_available;godark=not_available;spoofing=not_available;transshipment=not_available
S1A_IW_GRDH_1SDV_20260207T223330_20260207T223355_063119_07EC28_B5F7,574000180,,2026-02-07T22:33:30Z,2026-02-07T22:33:30Z,,,,,,,,,,FINAL_4_PIPELINE_MODELS.h5,gear=not_available;godark=not_available;spoofing=not_available;transshipment=not_available
S1A_IW_GRDH_1SDV_20260223T220012_20260223T220037_063352_07F4E9_1494,525006040,,2026-02-23T22:00:12Z,2026-02-23T22:00:12Z,,,,,,,,,,FINAL_4_PIPELINE_MODELS.h5,gear=not_available;godark=not_available;spoofing=not_available;transshipment=not_available
S1A_IW_GRDH_1SDV_20260201T214348_20260201T214413_063031_07E8E6_AD4A,525021128,,2026-02-01T21:43:48Z,2026-02-01T21:43:48Z,,,,,,,,,,FINAL_4_PIPELINE_MODELS.h5,gear=not_available;godark=not_available;spoofing=not_available;transshipment=not_available
S1A_IW_GRDH_1SDV_20260201T214503_20260201T214528_063031_07E8E6_83C5,525015234,,2026-02-01T21:45:03Z,2026-02-01T21:45:03Z,,,,,,,,,,FINAL_4_PIPELINE_MODELS.h5,gear=not_available;godark=not_available;spoofing=not_available;transshipment=not_available
S1A_IW_GRDH_1SDV_20260216T220839_20260216T220904_063250_07F107_CAF8,525015668,,2026-02-16T22:08:39Z,2026-02-16T22:08:39Z,,,,,,,,,,FINAL_4_PIPELINE_MODELS.h5,gear=not_available;godark=not_available;spoofing=not_available;transshipment=not_available
S1A_IW_GRDH_1SDV_20260307T220012_20260307T220037_063527_07FB8F_D038,525600329,,2026-03-07T22:00:12Z,2026-03-07T22:00:12Z,,,,,,,,,,FINAL_4_PIPELINE_MODELS.h5,gear=not_available;godark=not_available;spoofing=not_available;transshipment=not_available
S1A_IW_GRDH_1SDV_20260211T093803_20260211T093831_063169_07EDFC_B4AD,525101844,,2026-02-11T09:38:03Z,2026-02-11T09:38:03Z,,,,,,,,,,FINAL_4_PIPELINE_MODELS.h5,gear=not_available;godark=not_available;spoofing=not_available;transshipment=not_available
S1A_IW_GRDH_1SDV_20260307T111724_20260307T111749_063520_07FB52_4317,525500479,,2026-03-07T11:17:24Z,2026-03-07T11:17:24Z,,,,,,,,,,FINAL_4_PIPELINE_MODELS.h5,gear=not_available;godark=not_available;spoofing=not_available;transshipment=not_available
S1A_IW_GRDH_1SDV_20260205T102640_20260205T102705_063082_07EACD_FAAA,431448000,,2026-02-05T10:26:40Z,2026-02-05T10:26:40Z,,,,,,,,,,FINAL_4_PIPELINE_MODELS.h5,gear=not_available;godark=not_available;spoofing=not_available;transshipment=not_available
S1A_IW_GRDH_1SDV_20260201T214233_20260201T214258_063031_07E8E6_DE84,525501415,,2026-02-01T21:42:33Z,2026-02-01T21:42:33Z,,,,,,,,,,FINAL_4_PIPELINE_MODELS.h5,gear=not_available;godark=not_available;spoofing=not_available;transshipment=not_available
S1A_IW_GRDH_1SDV_20260201T214233_20260201T214258_063031_07E8E6_DE84,563040700,,2026-02-01T21:42:33Z,2026-02-01T21:42:33Z,,,,,,,,,,FINAL_4_PIPELINE_MODELS.h5,gear=not_available;godark=not_available;spoofing=not_available;transshipment=not_available
S1A_IW_GRDH_1SDV_20260205T102546_20260205T102615_063082_07EACD_4837,352005955,,2026-02-05T10:25:46Z,2026-02-05T10:25:46Z,,,,,,,,,,FINAL_4_PIPELINE_MODELS.h5,gear=not_available;godark=not_available;spoofing=not_available;transshipment=not_available
S1A_IW_GRDH_1SDV_20260201T214348_20260201T214413_063031_07E8E6_AD4A,636024602,,2026-02-01T21:43:48Z,2026-02-01T21:43:48Z,,,,,,,,,,FINAL_4_PIPELINE_MODELS.h5,gear=not_available;godark=not_available;spoofing=not_available;transshipment=not_available
S1A_IW_GRDH_1SDV_20260208T105032_20260208T105058_063126_07EC76_8C3E,636093091,,2026-02-08T10:50:32Z,2026-02-08T10:50:32Z,,,,,,,,,,FINAL_4_PIPELINE_MODELS.h5,gear=not_available;godark=not_available;spoofing=not_available;transshipment=not_available
S1A_IW_GRDH_1SDV_20260201T214323_20260201T214348_063031_07E8E6_F802,351237000,,2026-02-01T21:43:23Z,2026-02-01T21:43:23Z,,,,,,,,,,FINAL_4_PIPELINE_MODELS.h5,gear=not_available;godark=not_available;spoofing=not_available;transshipment=not_available
S1A_IW_GRDH_1SDV_20260201T214208_20260201T214233_063031_07E8E6_8878,352002718,,2026-02-01T21:42:08Z,2026-02-01T21:42:08Z,,,,,,,,,,FINAL_4_PIPELINE_MODELS.h5,gear=not_available;godark=not_available;spoofing=not_available;transshipment=not_available
S1A_IW_GRDH_1SDV_20260201T214258_20260201T214323_063031_07E8E6_6469,636019509,,2026-02-01T21:42:58Z,2026-02-01T21:42:58Z,,,,,,,,,,FINAL_4_PIPELINE_MODELS.h5,gear=not_available;godark=not_available;spoofing=not_available;transshipment=not_available
S1A_IW_GRDH_1SDV_20260305T203833_20260305T203858_063497_07FA75_313F,525401150,,2026-03-05T20:38:33Z,2026-03-05T20:38:33Z,,,,,,,,,,FINAL_4_PIPELINE_MODELS.h5,gear=not_available;godark=not_available;spoofing=not_available;transshipment=not_available
S1A_IW_GRDH_1SDV_20260209T113424_20260209T113449_063142_07ECFF_153E,525129128,,2026-02-09T11:34:24Z,2026-02-09T11:34:24Z,,,,,,,,,,FINAL_4_PIPELINE_MODELS.h5,gear=not_available;godark=not_available;spoofing=not_available;transshipment=not_available
S1A_IW_GRDH_1SDV_20260201T214233_20260201T214258_063031_07E8E6_DE84,538002322,,2026-02-01T21:42:33Z,2026-02-01T21:42:33Z,,,,,,,,,,FINAL_4_PIPELINE_MODELS.h5,gear=not_available;godark=not_available;spoofing=not_available;transshipment=not_available
S1A_IW_GRDH_1SDV_20260201T214438_20260201T214503_063031_07E8E6_FA44,525400013,,2026-02-01T21:44:38Z,2026-02-01T21:44:38Z,,,,,,,,,,FINAL_4_PIPELINE_MODELS.h5,gear=not_available;godark=not_available;spoofing=not_available;transshipment=not_available
S1A_IW_GRDH_1SDV_20260210T211856_20260210T211921_063162_07EDB8_2BA9,477131200,,2026-02-10T21:18:56Z,2026-02-10T21:18:56Z,,,,,,,,,,FINAL_4_PIPELINE_MODELS.h5,gear=not_available;godark=not_available;spoofing=not_available;transshipment=not_available
S1A_IW_GRDH_1SDV_20260203T212745_20260203T212810_063060_07E9F3_7690,525801611,,2026-02-03T21:27:45Z,2026-02-03T21:27:45Z,,,,,,,,,,FINAL_4_PIPELINE_MODELS.h5,gear=not_available;godark=not_available;spoofing=not_available;transshipment=not_available
S1A_IW_GRDH_1SDV_20260304T105031_20260304T105057_063476_07F9B1_4C2C,525901071,,2026-03-04T10:50:31Z,2026-03-04T10:50:31Z,,,,,,,,,,FINAL_4_PIPELINE_MODELS.h5,gear=not_available;godark=not_available;spoofing=not_available;transshipment=not_available
S1A_IW_GRDH_1SDV_20260201T214348_20260201T214413_063031_07E8E6_AD4A,352004927,,2026-02-01T21:43:48Z,2026-02-01T21:43:48Z,,,,,,,,,,FINAL_4_PIPELINE_MODELS.h5,gear=not_available;godark=not_available;spoofing=not_available;transshipment=not_available
S1A_IW_GRDH_1SDV_20260205T224735_20260205T224800_063090_07EB0F_B181,574492000,,2026-02-05T22:47:35Z,2026-02-05T22:47:35Z,,,,,,,,,,FINAL_4_PIPELINE_MODELS.h5,gear=not_available;godark=not_available;spoofing=not_available;transshipment=not_available
S1A_IW_GRDH_1SDV_20260218T215157_20260218T215222_063279_07F220_ED26,440099000,,2026-02-18T21:51:57Z,2026-02-18T21:51:57Z,,,,,,,,,,FINAL_4_PIPELINE_MODELS.h5,gear=not_available;godark=not_available;spoofing=not_available;transshipment=not_available
S1A_IW_GRDH_1SDV_20260201T214323_20260201T214348_063031_07E8E6_F802,256556000,,2026-02-01T21:43:23Z,2026-02-01T21:43:23Z,,,,,,,,,,FINAL_4_PIPELINE_MODELS.h5,gear=not_available;godark=not_available;spoofing=not_available;transshipment=not_available
S1A_IW_GRDH_1SDV_20260201T214348_20260201T214413_063031_07E8E6_AD4A,440057000,,2026-02-01T21:43:48Z,2026-02-01T21:43:48Z,,,,,,,,,,FINAL_4_PIPELINE_MODELS.h5,gear=not_available;godark=not_available;spoofing=not_available;transshipment=not_available
S1A_IW_GRDH_1SDV_20260201T214323_20260201T214348_063031_07E8E6_F802,232012585,,2026-02-01T21:43:23Z,2026-02-01T21:43:23Z,,,,,,,,,,FINAL_4_PIPELINE_MODELS.h5,gear=not_available;godark=not_available;spoofing=not_available;transshipment=not_available
S1A_IW_GRDH_1SDV_20260217T224735_20260217T224800_063265_07F199_4A59,356853000,,2026-02-17T22:47:35Z,2026-02-17T22:47:35Z,,,,,,,,,,FINAL_4_PIPELINE_MODELS.h5,gear=not_available;godark=not_available;spoofing=not_available;transshipment=not_available
S1A_IW_GRDH_1SDV_20260201T214258_20260201T214323_063031_07E8E6_6469,370354000,,2026-02-01T21:42:58Z,2026-02-01T21:42:58Z,,,,,,,,,,FINAL_4_PIPELINE_MODELS.h5,gear=not_available;godark=not_available;spoofing=not_available;transshipment=not_available
S1A_IW_GRDH_1SDV_20260201T214233_20260201T214258_063031_07E8E6_DE84,636021485,,2026-02-01T21:42:33Z,2026-02-01T21:42:33Z,,,,,,,,,,FINAL_4_PIPELINE_MODELS.h5,gear=not_available;godark=not_available;spoofing=not_available;transshipment=not_available
S1A_IW_GRDH_1SDV_20260201T214323_20260201T214348_063031_07E8E6_F802,248876000,,2026-02-01T21:43:23Z,2026-02-01T21:43:23Z,,,,,,,,,,FINAL_4_PIPELINE_MODELS.h5,gear=not_available;godark=not_available;spoofing=not_available;transshipment=not_available
S1A_IW_GRDH_1SDV_20260201T214348_20260201T214413_063031_07E8E6_AD4A,477441200,,2026-02-01T21:43:48Z,2026-02-01T21:43:48Z,,,,,,,,,,FINAL_4_PIPELINE_MODELS.h5,gear=not_available;godark=not_available;spoofing=not_available;transshipment=not_available
S1A_IW_GRDH_1SDV_20260201T214233_20260201T214258_063031_07E8E6_DE84,574013029,,2026-02-01T21:42:33Z,2026-02-01T21:42:33Z,,,,,,,,,,FINAL_4_PIPELINE_MODELS.h5,gear=not_available;godark=not_available;spoofing=not_available;transshipment=not_available
S1A_IW_GRDH_1SDV_20260201T214323_20260201T214348_063031_07E8E6_F802,636024870,,2026-02-01T21:43:23Z,2026-02-01T21:43:23Z,,,,,,,,,,FINAL_4_PIPELINE_MODELS.h5,gear=not_available;godark=not_available;spoofing=not_available;transshipment=not_available
S1A_IW_GRDH_1SDV_20260201T214348_20260201T214413_063031_07E8E6_AD4A,353216000,,2026-02-01T21:43:48Z,2026-02-01T21:43:48Z,,,,,,,,,,FINAL_4_PIPELINE_MODELS.h5,gear=not_available;godark=not_available;spoofing=not_available;transshipment=not_available
S1A_IW_GRDH_1SDV_20260206T110659_20260206T110724_063097_07EB59_9B4E,525401071,,2026-02-06T11:06:59Z,2026-02-06T11:06:59Z,,,,,,,,,,FINAL_4_PIPELINE_MODELS.h5,gear=not_available;godark=not_available;spoofing=not_available;transshipment=not_available
S1A_IW_GRDH_1SDV_20260201T214258_20260201T214323_063031_07E8E6_6469,636021825,,2026-02-01T21:42:58Z,2026-02-01T21:42:58Z,,,,,,,,,,FINAL_4_PIPELINE_MODELS.h5,gear=not_available;godark=not_available;spoofing=not_available;transshipment=not_available
S1A_IW_GRDH_1SDV_20260201T214208_20260201T214233_063031_07E8E6_8878,414070000,,2026-02-01T21:42:08Z,2026-02-01T21:42:08Z,,,,,,,,,,FINAL_4_PIPELINE_MODELS.h5,gear=not_available;godark=not_available;spoofing=not_available;transshipment=not_available
S1A_IW_GRDH_1SDV_20260207T223330_20260207T223355_063119_07EC28_B5F7,525015831,,2026-02-07T22:33:30Z,2026-02-07T22:33:30Z,,,,,,,,,,FINAL_4_PIPELINE_MODELS.h5,gear=not_available;godark=not_available;spoofing=not_available;transshipment=not_available
S1A_IW_GRDH_1SDV_20260225T091841_20260225T091912_063373_07F5C4_0A47,525600381,,2026-02-25T09:18:41Z,2026-02-25T09:18:41Z,,,,,,,,,,FINAL_4_PIPELINE_MODELS.h5,gear=not_available;godark=not_available;spoofing=not_available;transshipment=not_available
S1A_IW_GRDH_1SDV_20260203T104128_20260203T104157_063053_07E9B4_E4AE,412534000,,2026-02-03T10:41:28Z,2026-02-03T10:41:28Z,,,,,,,,,,FINAL_4_PIPELINE_MODELS.h5,gear=not_available;godark=not_available;spoofing=not_available;transshipment=not_available
S1A_IW_GRDH_1SDV_20260203T104157_20260203T104226_063053_07E9B4_C014,431137000,,2026-02-03T10:41:57Z,2026-02-03T10:41:57Z,,,,,,,,,,FINAL_4_PIPELINE_MODELS.h5,gear=not_available;godark=not_available;spoofing=not_available;transshipment=not_available
S1A_IW_GRDH_1SDV_20260201T214233_20260201T214258_063031_07E8E6_DE84,525600354,,2026-02-01T21:42:33Z,2026-02-01T21:42:33Z,,,,,,,,,,FINAL_4_PIPELINE_MODELS.h5,gear=not_available;godark=not_available;spoofing=not_available;transshipment=not_available
S1A_IW_GRDH_1SDV_20260201T214323_20260201T214348_063031_07E8E6_F802,477154800,,2026-02-01T21:43:23Z,2026-02-01T21:43:23Z,,,,,,,,,,FINAL_4_PIPELINE_MODELS.h5,gear=not_available;godark=not_available;spoofing=not_available;transshipment=not_available
S1A_IW_GRDH_1SDV_20260201T214348_20260201T214413_063031_07E8E6_AD4A,414751000,,2026-02-01T21:43:48Z,2026-02-01T21:43:48Z,,,,,,,,,,FINAL_4_PIPELINE_MODELS.h5,gear=not_available;godark=not_available;spoofing=not_available;transshipment=not_available
S1A_IW_GRDH_1SDV_20260206T092856_20260206T092921_063096_07EB4D_B6F9,525005246,,2026-02-06T09:28:56Z,2026-02-06T09:28:56Z,,,,,,,,,,FINAL_4_PIPELINE_MODELS.h5,gear=not_available;godark=not_available;spoofing=not_available;transshipment=not_available
S1A_IW_GRDH_1SDV_20260202T222359_20260202T222424_063046_07E974_933D,525101804,,2026-02-02T22:23:59Z,2026-02-02T22:23:59Z,,,,,,,,,,FINAL_4_PIPELINE_MODELS.h5,gear=not_available;godark=not_available;spoofing=not_available;transshipment=not_available
S1A_IW_GRDH_1SDV_20260223T111519_20260223T111544_063345_07F4B1_92F4,525200516,,2026-02-23T11:15:19Z,2026-02-23T11:15:19Z,,,,,,,,,,FINAL_4_PIPELINE_MODELS.h5,gear=not_available;godark=not_available;spoofing=not_available;transshipment=not_available
S1A_IW_GRDH_1SDV_20260205T102705_20260205T102717_063082_07EACD_A360,525019527,,2026-02-05T10:27:05Z,2026-02-05T10:27:05Z,,,,,,,,,,FINAL_4_PIPELINE_MODELS.h5,gear=not_available;godark=not_available;spoofing=not_available;transshipment=not_available
S1A_IW_GRDH_1SDV_20260209T203834_20260209T203859_063147_07ED35_D606,525901343,,2026-02-09T20:38:34Z,2026-02-09T20:38:34Z,,,,,,,,,,FINAL_4_PIPELINE_MODELS.h5,gear=not_available;godark=not_available;spoofing=not_available;transshipment=not_available
S1A_IW_GRDH_1SDV_20260202T114225_20260202T114250_063040_07E931_5E3F,525019255,,2026-02-02T11:42:25Z,2026-02-02T11:42:25Z,,,,,,,,,,FINAL_4_PIPELINE_MODELS.h5,gear=not_available;godark=not_available;spoofing=not_available;transshipment=not_available
S1A_IW_GRDH_1SDV_20260201T214323_20260201T214348_063031_07E8E6_F802,372904000,,2026-02-01T21:43:23Z,2026-02-01T21:43:23Z,,,,,,,,,,FINAL_4_PIPELINE_MODELS.h5,gear=not_available;godark=not_available;spoofing=not_available;transshipment=not_available
S1A_IW_GRDH_1SDV_20260218T201449_20260218T201514_063278_07F21A_600D,525900473,,2026-02-18T20:14:49Z,2026-02-18T20:14:49Z,,,,,,,,,,FINAL_4_PIPELINE_MODELS.h5,gear=not_available;godark=not_available;spoofing=not_available;transshipment=not_available
S1A_IW_GRDH_1SDV_20260224T210149_20260224T210214_063366_07F57B_C945,525007349,,2026-02-24T21:01:49Z,2026-02-24T21:01:49Z,,,,,,,,,,FINAL_4_PIPELINE_MODELS.h5,gear=not_available;godark=not_available;spoofing=not_available;transshipment=not_available
S1A_IW_GRDH_1SDV_20260302T215247_20260302T215312_063454_07F8CE_A5B8,431447000,,2026-03-02T21:52:47Z,2026-03-02T21:52:47Z,,,,,,,,,,FINAL_4_PIPELINE_MODELS.h5,gear=not_available;godark=not_available;spoofing=not_available;transshipment=not_available
S1A_IW_GRDH_1SDV_20260209T221632_20260209T221657_063148_07ED3E_C6D4,414148000,,2026-02-09T22:16:32Z,2026-02-09T22:16:32Z,,,,,,,,,,FINAL_4_PIPELINE_MODELS.h5,gear=not_available;godark=not_available;spoofing=not_available;transshipment=not_available
S1A_IW_GRDH_1SDV_20260205T224800_20260205T224825_063090_07EB0F_6CB7,312533000,,2026-02-05T22:48:00Z,2026-02-05T22:48:00Z,,,,,,,,,,FINAL_4_PIPELINE_MODELS.h5,gear=not_available;godark=not_available;spoofing=not_available;transshipment=not_available
S1A_IW_GRDH_1SDV_20260209T221657_20260209T221722_063148_07ED3E_8E5E,372134000,,2026-02-09T22:16:57Z,2026-02-09T22:16:57Z,,,,,,,,,,FINAL_4_PIPELINE_MODELS.h5,gear=not_available;godark=not_available;spoofing=not_available;transshipment=not_available
S1A_IW_GRDH_1SDV_20260204T203028_20260204T203053_063074_07EA72_E0FE,525010381,,2026-02-04T20:30:28Z,2026-02-04T20:30:28Z,,,,,,,,,,FINAL_4_PIPELINE_MODELS.h5,gear=not_available;godark=not_available;spoofing=not_available;transshipment=not_available
S1A_IW_GRDH_1SDV_20260203T212655_20260203T212720_063060_07E9F3_4B9D,525019363,,2026-02-03T21:26:55Z,2026-02-03T21:26:55Z,,,,,,,,,,FINAL_4_PIPELINE_MODELS.h5,gear=not_available;godark=not_available;spoofing=not_available;transshipment=not_available
S1A_IW_GRDH_1SDV_20260201T214258_20260201T214323_063031_07E8E6_6469,477802300,,2026-02-01T21:42:58Z,2026-02-01T21:42:58Z,,,,,,,,,,FINAL_4_PIPELINE_MODELS.h5,gear=not_available;godark=not_available;spoofing=not_available;transshipment=not_available
S1A_IW_GRDH_1SDV_20260202T204640_20260202T204705_063045_07E96C_E634,525100294,,2026-02-02T20:46:40Z,2026-02-02T20:46:40Z,,,,,,,,,,FINAL_4_PIPELINE_MODELS.h5,gear=not_available;godark=not_available;spoofing=not_available;transshipment=not_available
S1A_IW_GRDH_1SDV_20260211T215948_20260211T220013_063177_07EE44_1A4A,525005293,563211200,2026-02-11T21:59:48Z,2026-02-11T21:59:48Z,,,,,,,,,,FINAL_4_PIPELINE_MODELS.h5,gear=not_available;godark=not_available;spoofing=not_available;transshipment=not_available
S1A_IW_GRDH_1SDV_20260211T215948_20260211T220013_063177_07EE44_1A4A,563211200,525005293,2026-02-11T21:59:48Z,2026-02-11T21:59:48Z,,,,,,,,,,FINAL_4_PIPELINE_MODELS.h5,gear=not_available;godark=not_available;spoofing=not_available;transshipment=not_available
S1A_IW_GRDH_1SDV_20260208T091115_20260208T091134_063125_07EC68_6D64,525701211,525701378,2026-02-08T09:11:15Z,2026-02-08T09:11:15Z,,,,,,,,,,FINAL_4_PIPELINE_MODELS.h5,gear=not_available;godark=not_available;spoofing=not_available;transshipment=not_available
S1A_IW_GRDH_1SDV_20260208T091115_20260208T091134_063125_07EC68_6D64,525701378,525701211,2026-02-08T09:11:15Z,2026-02-08T09:11:15Z,,,,,,,,,,FINAL_4_PIPELINE_MODELS.h5,gear=not_available;godark=not_available;spoofing=not_available;transshipment=not_available
S1A_IW_GRDH_1SDV_20260304T091115_20260304T091133_063475_07F9A3_C5EB,525201688,525800888,2026-03-04T09:11:15Z,2026-03-04T09:11:15Z,,,,,,,,,,FINAL_4_PIPELINE_MODELS.h5,gear=not_available;godark=not_available;spoofing=not_available;transshipment=not_available
S1A_IW_GRDH_1SDV_20260304T091115_20260304T091133_063475_07F9A3_C5EB,525800888,525201688,2026-03-04T09:11:15Z,2026-03-04T09:11:15Z,,,,,,,,,,FINAL_4_PIPELINE_MODELS.h5,gear=not_available;godark=not_available;spoofing=not_available;transshipment=not_available
S1A_IW_GRDH_1SDV_20260304T091115_20260304T091133_063475_07F9A3_C5EB,525005360,525800888,2026-03-04T09:11:15Z,2026-03-04T09:11:15Z,,,,,,,,,,FINAL_4_PIPELINE_MODELS.h5,gear=not_available;godark=not_available;spoofing=not_available;transshipment=not_available
S1A_IW_GRDH_1SDV_20260307T202245_20260307T202310_063526_07FB88_8E99,525005360,525900595,2026-03-07T20:22:45Z,2026-03-07T20:22:45Z,,,,,,,,,,FINAL_4_PIPELINE_MODELS.h5,gear=not_available;godark=not_available;spoofing=not_available;transshipment=not_available
S1A_IW_GRDH_1SDV_20260307T202245_20260307T202310_063526_07FB88_8E99,525900595,525005360,2026-03-07T20:22:45Z,2026-03-07T20:22:45Z,,,,,,,,,,FINAL_4_PIPELINE_MODELS.h5,gear=not_available;godark=not_available;spoofing=not_available;transshipment=not_available
S1A_IW_GRDH_1SDV_20260218T215132_20260218T215157_063279_07F220_27B7,525600080,525900230,2026-02-18T21:51:32Z,2026-02-18T21:51:32Z,,,,,,,,,,FINAL_4_PIPELINE_MODELS.h5,gear=not_available;godark=not_available;spoofing=not_available;transshipment=not_available
S1A_IW_GRDH_1SDV_20260218T215132_20260218T215157_063279_07F220_27B7,525900230,525600080,2026-02-18T21:51:32Z,2026-02-18T21:51:32Z,,,,,,,,,,FINAL_4_PIPELINE_MODELS.h5,gear=not_available;godark=not_available;spoofing=not_available;transshipment=not_available
S1A_IW_GRDH_1SDV_20260307T202245_20260307T202310_063526_07FB88_8E99,525800143,525005360,2026-03-07T20:22:45Z,2026-03-07T20:22:45Z,,,,,,,,,,FINAL_4_PIPELINE_MODELS.h5,gear=not_available;godark=not_available;spoofing=not_available;transshipment=not_available
S1A_IW_GRDH_1SDV_20260310T114249_20260310T114314_063565_07FD00_A2B2,525132966,525139352,2026-03-10T11:42:49Z,2026-03-10T11:42:49Z,,,,,,,,,,FINAL_4_PIPELINE_MODELS.h5,gear=not_available;godark=not_available;spoofing=not_available;transshipment=not_available
S1A_IW_GRDH_1SDV_20260310T114249_20260310T114314_063565_07FD00_A2B2,525139352,525132966,2026-03-10T11:42:49Z,2026-03-10T11:42:49Z,,,,,,,,,,FINAL_4_PIPELINE_MODELS.h5,gear=not_available;godark=not_available;spoofing=not_available;transshipment=not_available
S1A_IW_GRDH_1SDV_20260304T091115_20260304T091133_063475_07F9A3_C5EB,525201447,525800888,2026-03-04T09:11:15Z,2026-03-04T09:11:15Z,,,,,,,,,,FINAL_4_PIPELINE_MODELS.h5,gear=not_available;godark=not_available;spoofing=not_available;transshipment=not_available
S1A_IW_GRDH_1SDV_20260201T214413_20260201T214438_063031_07E8E6_4D01,352002263,353062000,2026-02-01T21:44:13Z,2026-02-01T21:44:13Z,,,,,,,,,,FINAL_4_PIPELINE_MODELS.h5,gear=not_available;godark=not_available;spoofing=not_available;transshipment=not_available
S1A_IW_GRDH_1SDV_20260201T214413_20260201T214438_063031_07E8E6_4D01,353062000,352002263,2026-02-01T21:44:13Z,2026-02-01T21:44:13Z,,,,,,,,,,FINAL_4_PIPELINE_MODELS.h5,gear=not_available;godark=not_available;spoofing=not_available;transshipment=not_available
S1A_IW_GRDH_1SDV_20260310T114249_20260310T114314_063565_07FD00_A2B2,525138181,525139352,2026-03-10T11:42:49Z,2026-03-10T11:42:49Z,,,,,,,,,,FINAL_4_PIPELINE_MODELS.h5,gear=not_available;godark=not_available;spoofing=not_available;transshipment=not_available
S1A_IW_GRDH_1SDV_20260201T214413_20260201T214438_063031_07E8E6_4D01,525022436,525701658,2026-02-01T21:44:13Z,2026-02-01T21:44:13Z,,,,,,,,,,FINAL_4_PIPELINE_MODELS.h5,gear=not_available;godark=not_available;spoofing=not_available;transshipment=not_available
S1A_IW_GRDH_1SDV_20260201T214413_20260201T214438_063031_07E8E6_4D01,525701658,525022436,2026-02-01T21:44:13Z,2026-02-01T21:44:13Z,,,,,,,,,,FINAL_4_PIPELINE_MODELS.h5,gear=not_available;godark=not_available;spoofing=not_available;transshipment=not_available
